ticker,date,gap_up_percent,open_price,close_price,anchored_vwap,retraced_to_vwap,days_to_retrace,retrace_percentage,mfe_dollars,mae_dollars,mfe_percent,mae_percent,sma_330_distance_percent,spy_daily_gain_percent
DTC,2025-07-18,26495.74,25.0,21.1,24.26,False,,0.0,0.0,0.0,0.0,0.0,1786.85,-0.07
MLGO,2025-07-18,2632.79,16.2,14.66,0.89,False,,0.0,0.0,0.0,0.0,0.0,543.84,-0.07
CREG,2025-07-18,910.64,1.9,2.21,0.34,False,,0.0,0.0,0.0,0.0,0.0,,-0.07
TELO,2025-07-18,152.48,3.06,2.28,2.24,False,,0.0,0.0,0.0,0.0,0.0,,-0.07
MEIP,2025-07-18,99.56,8.98,5.92,6.65,False,,0.0,0.0,0.0,0.0,0.0,,-0.07
HPKEW,2025-07-18,63.89,0.15,0.11,0.12,False,,0.0,0.0,0.0,0.0,0.0,-96.62,-0.07
MAPSW,2025-07-18,58.19,0.03,0.02,0.02,False,,0.0,0.0,0.0,0.0,0.0,,-0.07
CDTTW,2025-07-18,51.16,0.01,0.01,0.01,False,,0.0,0.0,0.0,0.0,0.0,,-0.07
BLDEW,2025-07-18,42.8,0.33,0.24,0.25,False,,0.0,0.0,0.0,0.0,0.0,,-0.07
BDMDW,2025-07-18,42.57,0.1,0.1,0.09,False,,0.0,0.0,0.0,0.0,0.0,,-0.07
CPOP,2025-07-18,37.93,0.88,0.74,0.8,False,,0.0,0.0,0.0,0.0,0.0,,-0.07
FGIWW,2025-07-18,33.01,0.04,0.03,0.04,False,,0.0,0.0,0.0,0.0,0.0,,-0.07
SCLXW,2025-07-18,29.13,0.41,0.39,0.29,False,,0.0,0.0,0.0,0.0,0.0,,-0.07
BTOG,2025-07-18,28.64,0.81,0.78,0.67,False,,0.0,0.0,0.0,0.0,0.0,,-0.07
XPON,2025-07-18,25.96,1.31,1.58,1.44,False,,0.0,0.0,0.0,0.0,0.0,-1.96,-0.07
MESO,2025-07-18,24.8,15.4,15.62,14.62,False,,0.0,0.0,0.0,0.0,0.0,25.91,-0.07
RCKTW,2025-07-18,24.45,0.04,0.04,0.04,False,,0.0,0.0,0.0,0.0,0.0,,-0.07
RNWWW,2025-07-18,23.64,0.17,0.16,0.16,False,,0.0,0.0,0.0,0.0,0.0,,-0.07
EDBLW,2025-07-18,22.92,0.12,0.08,0.1,False,,0.0,0.0,0.0,0.0,0.0,,-0.07
KITTW,2025-07-18,21.56,0.11,0.09,0.1,False,,0.0,0.0,0.0,0.0,0.0,,-0.07
SVRE,2025-07-18,21.31,3.04,2.96,2.89,False,,0.0,0.0,0.0,0.0,0.0,,-0.07
WINT,2025-07-18,20.95,1.27,1.19,1.16,False,,0.0,0.0,0.0,0.0,0.0,21.96,-0.07
EUDAW,2025-07-18,20.75,0.11,0.11,0.18,False,,0.0,0.0,0.0,0.0,0.0,,-0.07
ECDAW,2025-07-18,19.52,0.03,0.02,0.03,False,,0.0,0.0,0.0,0.0,0.0,,-0.07
XBPEW,2025-07-18,18.67,0.04,0.03,0.03,False,,0.0,0.0,0.0,0.0,0.0,,-0.07
IH,2025-07-18,18.42,3.6,3.17,2.95,False,,0.0,0.0,0.0,0.0,0.0,65.6,-0.07
VVPR,2025-07-18,18.15,7.94,6.87,6.96,False,,0.0,0.0,0.0,0.0,0.0,,-0.07
CRMLW,2025-07-18,17.59,1.27,1.45,1.03,False,,0.0,0.0,0.0,0.0,0.0,,-0.07
TLN,2025-07-18,17.42,310.0,328.63,295.66,False,,0.0,0.0,0.0,0.0,0.0,,-0.07
ATHA,2025-07-18,17.05,0.46,0.41,0.41,False,,0.0,0.0,0.0,0.0,0.0,-12.87,-0.07
ABVEW,2025-07-18,16.92,0.38,0.28,0.27,False,,0.0,0.0,0.0,0.0,0.0,,-0.07
ECDA,2025-07-18,16.9,0.33,0.28,0.29,False,,0.0,0.0,0.0,0.0,0.0,,-0.07
BCTXW,2025-07-18,16.58,0.04,0.05,0.04,False,,0.0,0.0,0.0,0.0,0.0,-77.17,-0.07
TDTH,2025-07-18,16.19,1.22,1.43,1.01,False,,0.0,0.0,0.0,0.0,0.0,,-0.07
RVPHW,2025-07-18,15.6,0.04,0.03,0.03,False,,0.0,0.0,0.0,0.0,0.0,,-0.07
ATMCR,2025-07-18,14.86,0.25,0.23,0.23,False,,0.0,0.0,0.0,0.0,0.0,,-0.07
NCPLW,2025-07-18,14.55,0.04,0.03,0.04,False,,0.0,0.0,0.0,0.0,0.0,,-0.07
GRABW,2025-07-18,14.53,0.45,0.4,0.4,False,,0.0,0.0,0.0,0.0,0.0,,-0.07
WWR,2025-07-18,14.44,0.79,0.89,0.77,False,,0.0,0.0,0.0,0.0,0.0,,-0.07
IXHL,2025-07-18,14.24,0.42,0.61,0.42,False,,0.0,0.0,0.0,0.0,0.0,-58.95,-0.07
EOSEW,2025-07-18,14.0,0.57,0.56,0.56,False,,0.0,0.0,0.0,0.0,0.0,,-0.07
BTMWW,2025-07-18,13.73,0.58,0.59,0.57,False,,0.0,0.0,0.0,0.0,0.0,,-0.07
AREBW,2025-07-18,13.69,0.03,0.03,0.02,False,,0.0,0.0,0.0,0.0,0.0,,-0.07
DATSW,2025-07-18,13.64,0.25,0.25,0.22,False,,0.0,0.0,0.0,0.0,0.0,,-0.07
NVX,2025-07-18,13.51,1.68,1.56,1.51,False,,0.0,0.0,0.0,0.0,0.0,-2.38,-0.07
ATHE,2025-07-18,13.45,5.23,5.0,4.98,False,,0.0,0.0,0.0,0.0,0.0,82.87,-0.07
MTEKW,2025-07-18,13.33,0.34,0.37,0.32,False,,0.0,0.0,0.0,0.0,0.0,,-0.07
ANGHW,2025-07-18,12.87,0.01,0.01,0.01,False,,0.0,0.0,0.0,0.0,0.0,,-0.07
KSCP,2025-07-18,12.68,9.24,10.09,8.84,False,,0.0,0.0,0.0,0.0,0.0,,-0.07
DRRX,2025-07-18,12.57,0.59,0.54,0.54,False,,0.0,0.0,0.0,0.0,0.0,-43.44,-0.07
NIXXW,2025-07-18,12.54,0.04,0.04,0.04,False,,0.0,0.0,0.0,0.0,0.0,,-0.07
SVIIW,2025-07-18,12.5,0.18,0.18,0.19,False,,0.0,0.0,0.0,0.0,0.0,,-0.07
EOSE,2025-07-18,12.26,5.95,5.87,5.6,False,,0.0,0.0,0.0,0.0,0.0,,-0.07
YOSH,2025-07-18,12.13,6.84,6.42,6.72,False,,0.0,0.0,0.0,0.0,0.0,-13.64,-0.07
OPEN,2025-07-18,11.82,1.84,2.25,1.74,False,,0.0,0.0,0.0,0.0,0.0,,-0.07
LDI,2025-07-18,11.59,1.83,1.88,1.72,False,,0.0,0.0,0.0,0.0,0.0,,-0.07
PGYWW,2025-07-18,10.83,0.2,0.29,0.2,False,,0.0,0.0,0.0,0.0,0.0,,-0.07
OXBRW,2025-07-18,10.8,0.4,0.46,0.44,False,,0.0,0.0,0.0,0.0,0.0,,-0.07
EVLVW,2025-07-18,10.73,0.51,0.51,0.47,False,,0.0,0.0,0.0,0.0,0.0,,-0.07
OVID,2025-07-18,10.58,0.53,0.55,0.5,False,,0.0,0.0,0.0,0.0,0.0,-31.9,-0.07
SOS,2025-07-18,10.53,8.92,8.13,7.81,False,,0.0,0.0,0.0,0.0,0.0,68.42,-0.07
KELYB,2025-07-18,10.5,13.16,13.11,13.11,False,,0.0,0.0,0.0,0.0,0.0,-14.38,-0.07
AEON,2025-07-18,10.4,0.86,0.78,0.79,False,,0.0,0.0,0.0,0.0,0.0,,-0.07
BAERW,2025-07-18,10.39,0.09,0.07,0.07,False,,0.0,0.0,0.0,0.0,0.0,,-0.07
DHAIW,2025-07-18,10.0,0.02,0.01,0.02,False,,0.0,0.0,0.0,0.0,0.0,,-0.07
ALVOW,2025-07-18,9.74,1.69,1.65,1.66,False,,0.0,0.0,0.0,0.0,0.0,-34.62,-0.07
BTCS,2025-07-18,9.74,7.1,6.57,6.34,False,,0.0,0.0,0.0,0.0,0.0,,-0.07
IROHW,2025-07-18,9.66,0.08,0.08,0.08,False,,0.0,0.0,0.0,0.0,0.0,,-0.07
STEC,2025-07-18,9.59,0.85,0.84,0.78,False,,0.0,0.0,0.0,0.0,0.0,,-0.07
CNFRZ,2025-07-18,9.58,19.9,19.9,19.58,False,,0.0,0.0,0.0,0.0,0.0,,-0.07
MRNO,2025-07-18,9.44,8.15,7.49,7.71,False,,0.0,0.0,0.0,0.0,0.0,,-0.07
MNY,2025-07-18,9.33,1.64,1.67,1.44,False,,0.0,0.0,0.0,0.0,0.0,,-0.07
EAF,2025-07-18,9.17,1.19,1.46,1.24,False,,0.0,0.0,0.0,0.0,0.0,3.49,-0.07
ATNFW,2025-07-18,8.99,0.01,0.01,0.01,False,,0.0,0.0,0.0,0.0,0.0,,-0.07
INTG,2025-07-18,8.62,11.84,11.24,11.95,False,,0.0,0.0,0.0,0.0,0.0,-19.14,-0.07
MOBX,2025-07-18,8.48,0.87,0.86,0.88,False,,0.0,0.0,0.0,0.0,0.0,,-0.07
AHG,2025-07-18,8.43,1.93,1.87,1.85,False,,0.0,0.0,0.0,0.0,0.0,,-0.07
LITM,2025-07-18,8.3,5.09,4.55,4.47,False,,0.0,0.0,0.0,0.0,0.0,,-0.07
LCFYW,2025-07-18,8.09,12.43,12.43,12.43,False,,0.0,0.0,0.0,0.0,0.0,-42.27,-0.07
UPXI,2025-07-18,7.87,7.81,7.48,7.12,False,,0.0,0.0,0.0,0.0,0.0,63.16,-0.07
IMTE,2025-07-18,7.83,1.24,1.38,1.19,False,,0.0,0.0,0.0,0.0,0.0,,-0.07
CREV,2025-07-18,7.76,4.72,4.16,4.73,False,,0.0,0.0,0.0,0.0,0.0,,-0.07
ZOOZ,2025-07-18,7.69,1.4,1.31,1.25,False,,0.0,0.0,0.0,0.0,0.0,,-0.07
NBY,2025-07-18,7.69,0.7,0.66,0.66,False,,0.0,0.0,0.0,0.0,0.0,,-0.07
SOC,2025-07-18,7.6,30.5,31.69,27.61,False,,0.0,0.0,0.0,0.0,0.0,,-0.07
CRSP,2025-07-18,7.5,59.22,65.13,59.42,False,,0.0,0.0,0.0,0.0,0.0,46.28,-0.07
RVMDW,2025-07-18,7.49,0.29,0.29,0.26,False,,0.0,0.0,0.0,0.0,0.0,,-0.07
GAME,2025-07-18,7.45,1.73,1.52,1.92,False,,0.0,0.0,0.0,0.0,0.0,,-0.07
IBKR,2025-07-18,7.36,63.8,64.05,61.45,False,,0.0,0.0,0.0,0.0,0.0,-62.33,-0.07
CLIR,2025-07-18,7.2,0.58,0.58,0.55,False,,0.0,0.0,0.0,0.0,0.0,,-0.07
PBMWW,2025-07-18,7.18,0.02,0.02,0.02,False,,0.0,0.0,0.0,0.0,0.0,,-0.07
FGF,2025-07-18,7.16,18.4,18.4,16.96,False,,0.0,0.0,0.0,0.0,0.0,12.72,-0.07
CTM,2025-07-18,7.14,1.5,1.49,1.41,False,,0.0,0.0,0.0,0.0,0.0,,-0.07
SENS,2025-07-18,7.1,0.6,0.58,0.56,False,,0.0,0.0,0.0,0.0,0.0,,-0.07
BCML,2025-07-18,7.09,29.75,27.29,27.68,False,,0.0,0.0,0.0,0.0,0.0,3.73,-0.07
WLGS,2025-07-18,6.99,0.04,0.05,0.04,False,,0.0,0.0,0.0,0.0,0.0,,-0.07
HOVR,2025-07-18,6.98,1.84,1.74,1.66,False,,0.0,0.0,0.0,0.0,0.0,,-0.07
RDIB,2025-07-18,6.95,10.0,9.03,9.47,False,,0.0,0.0,0.0,0.0,0.0,14.6,-0.07
CAN,2025-07-18,6.9,1.02,0.9,0.94,False,,0.0,0.0,0.0,0.0,0.0,-36.21,-0.07
VSAT,2025-07-18,6.86,16.8,15.72,15.54,False,,0.0,0.0,0.0,0.0,0.0,52.51,-0.07
SBSW,2025-07-18,6.83,9.38,9.08,8.73,False,,0.0,0.0,0.0,0.0,0.0,104.09,-0.07
PRTC,2025-07-18,6.81,19.76,19.67,18.65,False,,0.0,0.0,0.0,0.0,0.0,1.76,-0.07
IPHA,2025-07-18,6.76,1.89,1.92,1.87,False,,0.0,0.0,0.0,0.0,0.0,-1.57,-0.07
EDSA,2025-07-18,6.75,2.53,2.4,2.29,False,,0.0,0.0,0.0,0.0,0.0,,-0.07
CALC,2025-07-18,6.75,2.69,3.01,2.64,False,,0.0,0.0,0.0,0.0,0.0,,-0.07
SNDL,2025-07-18,6.73,1.67,1.54,1.54,False,,0.0,0.0,0.0,0.0,0.0,,-0.07
AIRE,2025-07-18,6.65,0.17,0.19,0.18,False,,0.0,0.0,0.0,0.0,0.0,,-0.07
CCTG,2025-07-18,6.59,1.13,1.12,1.06,False,,0.0,0.0,0.0,0.0,0.0,,-0.07
HYMCL,2025-07-18,6.5,0.01,0.01,0.01,False,,0.0,0.0,0.0,0.0,0.0,,-0.07
KC,2025-07-18,6.47,15.8,15.91,14.99,False,,0.0,0.0,0.0,0.0,0.0,68.33,-0.07
FGBI,2025-07-18,6.46,9.05,8.65,8.65,False,,0.0,0.0,0.0,0.0,0.0,-16.45,-0.07
TCRT,2025-07-18,6.44,3.47,3.24,3.43,False,,0.0,0.0,0.0,0.0,0.0,,-0.07
CYCCP,2025-07-18,6.4,5.65,5.49,5.69,False,,0.0,0.0,0.0,0.0,0.0,-15.37,-0.07
CNTX,2025-07-18,6.37,0.97,0.89,0.85,False,,0.0,0.0,0.0,0.0,0.0,,-0.07
LVRO,2025-07-18,6.34,2.17,2.11,2.11,False,,0.0,0.0,0.0,0.0,0.0,,-0.07
SGRP,2025-07-18,6.31,1.18,1.19,1.06,False,,0.0,0.0,0.0,0.0,0.0,,-0.07
RVYL,2025-07-18,6.31,0.33,0.33,0.34,False,,0.0,0.0,0.0,0.0,0.0,,-0.07
SBEV,2025-07-18,6.25,2.72,2.69,2.84,False,,0.0,0.0,0.0,0.0,0.0,,-0.07
ICG,2025-07-18,6.24,2.98,2.66,2.92,False,,0.0,0.0,0.0,0.0,0.0,,-0.07
LDWY,2025-07-18,6.11,5.04,4.98,4.84,False,,0.0,0.0,0.0,0.0,0.0,,-0.07
OPTX,2025-07-18,6.06,1.4,1.59,1.46,False,,0.0,0.0,0.0,0.0,0.0,,-0.07
NEGG,2025-07-18,6.01,33.7,29.55,29.77,False,,0.0,0.0,0.0,0.0,0.0,,-0.07
CYCN,2025-07-18,5.96,3.2,3.54,3.32,False,,0.0,0.0,0.0,0.0,0.0,,-0.07
LIXTW,2025-07-18,5.88,0.18,0.18,0.18,False,,0.0,0.0,0.0,0.0,0.0,,-0.07
NMRA,2025-07-18,5.85,1.81,1.85,1.69,False,,0.0,0.0,0.0,0.0,0.0,,-0.07
MPU,2025-07-18,5.83,2.18,2.13,2.13,False,,0.0,0.0,0.0,0.0,0.0,,-0.07
ISPC,2025-07-18,5.83,1.09,1.07,1.07,False,,0.0,0.0,0.0,0.0,0.0,,-0.07
FLYX,2025-07-18,5.74,2.58,2.56,2.51,False,,0.0,0.0,0.0,0.0,0.0,,-0.07
JOB,2025-07-18,5.71,0.21,0.21,0.2,False,,0.0,0.0,0.0,0.0,0.0,,-0.07
MSN,2025-07-18,5.61,0.41,0.41,0.39,False,,0.0,0.0,0.0,0.0,0.0,,-0.07
YJ,2025-07-18,5.61,1.93,1.94,1.87,False,,0.0,0.0,0.0,0.0,0.0,,-0.07
SISI,2025-07-18,5.58,0.18,0.17,0.17,False,,0.0,0.0,0.0,0.0,0.0,,-0.07
SES,2025-07-18,5.56,1.14,1.21,1.09,False,,0.0,0.0,0.0,0.0,0.0,52.14,-0.07
AUDC,2025-07-18,5.56,11.4,10.28,10.34,False,,0.0,0.0,0.0,0.0,0.0,6.31,-0.07
SST,2025-07-18,5.53,6.68,6.2,6.17,False,,0.0,0.0,0.0,0.0,0.0,401.17,-0.07
LXEH,2025-07-18,5.48,1.54,1.45,1.43,False,,0.0,0.0,0.0,0.0,0.0,-69.16,-0.07
VZLA,2025-07-18,5.47,3.47,3.24,3.26,False,,0.0,0.0,0.0,0.0,0.0,,-0.07
IMUX,2025-07-18,5.38,0.98,0.96,0.92,False,,0.0,0.0,0.0,0.0,0.0,,-0.07
RAYA,2025-07-18,5.28,3.19,3.06,3.03,False,,0.0,0.0,0.0,0.0,0.0,136.3,-0.07
NRGU,2025-07-18,5.23,18.95,17.88,18.01,False,,0.0,0.0,0.0,0.0,0.0,,-0.07
WVVI,2025-07-18,5.23,5.06,4.76,4.91,False,,0.0,0.0,0.0,0.0,0.0,5.45,-0.07
FTFT,2025-07-18,5.22,2.62,2.6,2.76,False,,0.0,0.0,0.0,0.0,0.0,,-0.07
ARBKL,2025-07-18,5.2,3.44,3.15,3.37,False,,0.0,0.0,0.0,0.0,0.0,-59.93,-0.07
PBM,2025-07-18,5.16,5.5,5.06,5.29,False,,0.0,0.0,0.0,0.0,0.0,,-0.07
APLD,2025-07-18,5.13,11.47,11.93,10.79,False,,0.0,0.0,0.0,0.0,0.0,,-0.07
ATUS,2025-07-18,5.13,2.87,2.79,2.72,False,,0.0,0.0,0.0,0.0,0.0,11.44,-0.07
ABAT,2025-07-18,5.08,2.48,2.4,2.2,False,,0.0,0.0,0.0,0.0,0.0,,-0.07
FFIN,2025-07-18,5.08,38.66,37.32,36.82,False,,0.0,0.0,0.0,0.0,0.0,0.33,-0.07
ZTO,2025-07-18,5.07,19.26,18.98,18.67,False,,0.0,0.0,0.0,0.0,0.0,-6.91,-0.07
IINNW,2025-07-18,5.05,0.62,0.6,0.58,False,,0.0,0.0,0.0,0.0,0.0,,-0.07
AXIL,2025-07-18,5.03,6.05,6.83,5.91,False,,0.0,0.0,0.0,0.0,0.0,,-0.07
VRNT,2025-07-18,5.01,21.59,20.81,20.51,False,,0.0,0.0,0.0,0.0,0.0,-10.86,-0.07
RGC,2025-07-18,4.98,15.6,14.5,14.82,False,,0.0,0.0,0.0,0.0,0.0,-72.25,-0.07
LEE,2025-07-18,4.95,6.99,6.96,7.05,False,,0.0,0.0,0.0,0.0,0.0,-41.55,-0.07
VFSWW,2025-07-18,4.91,0.31,0.28,0.31,False,,0.0,0.0,0.0,0.0,0.0,,-0.07
FUFU,2025-07-18,4.9,4.07,4.29,4.12,False,,0.0,0.0,0.0,0.0,0.0,,-0.07
BW,2025-07-18,4.85,1.08,1.04,1.03,False,,0.0,0.0,0.0,0.0,0.0,-31.1,-0.07
AMPX,2025-07-18,4.84,8.45,8.66,7.9,False,,0.0,0.0,0.0,0.0,0.0,257.62,-0.07
ASRV,2025-07-18,4.7,3.25,3.08,3.15,False,,0.0,0.0,0.0,0.0,0.0,13.94,-0.07
STOK,2025-07-18,4.7,12.93,13.22,12.66,False,,0.0,0.0,0.0,0.0,0.0,18.27,-0.07
ASPI,2025-07-18,4.66,10.1,10.49,9.25,False,,0.0,0.0,0.0,0.0,0.0,,-0.07
SOUNW,2025-07-18,4.65,6.75,6.24,6.09,False,,0.0,0.0,0.0,0.0,0.0,,-0.07
RILY,2025-07-18,4.58,6.05,5.27,5.37,False,,0.0,0.0,0.0,0.0,0.0,13.87,-0.07
BRNS,2025-07-18,4.58,1.6,1.5,1.77,False,,0.0,0.0,0.0,0.0,0.0,,-0.07
CHPT,2025-07-18,4.55,0.65,0.62,0.63,False,,0.0,0.0,0.0,0.0,0.0,-38.93,-0.07
TARS,2025-07-18,4.49,43.26,43.25,42.3,False,,0.0,0.0,0.0,0.0,0.0,-4.39,-0.07
GLBZ,2025-07-18,4.47,5.37,5.37,5.38,False,,0.0,0.0,0.0,0.0,0.0,-0.83,-0.07
NCTY,2025-07-18,4.42,9.93,10.11,9.84,False,,0.0,0.0,0.0,0.0,0.0,,-0.07
GRRRW,2025-07-18,4.41,0.71,0.65,0.69,False,,0.0,0.0,0.0,0.0,0.0,,-0.07
AMBO,2025-07-18,4.41,2.84,2.8,2.76,False,,0.0,0.0,0.0,0.0,0.0,,-0.07
MTC,2025-07-18,4.4,0.95,0.88,0.93,False,,0.0,0.0,0.0,0.0,0.0,,-0.07
EP,2025-07-18,4.38,5.24,4.87,5.1,False,,0.0,0.0,0.0,0.0,0.0,-15.74,-0.07
CIFRW,2025-07-18,4.38,1.43,1.34,1.38,False,,0.0,0.0,0.0,0.0,0.0,,-0.07
NXL,2025-07-18,4.35,1.2,1.09,1.06,False,,0.0,0.0,0.0,0.0,0.0,,-0.07
MDBH,2025-07-18,4.34,4.7,4.5,4.52,False,,0.0,0.0,0.0,0.0,0.0,,-0.07
CDTG,2025-07-18,4.29,0.73,0.73,0.74,False,,0.0,0.0,0.0,0.0,0.0,,-0.07
BANF,2025-07-18,4.24,136.85,135.3,130.33,False,,0.0,0.0,0.0,0.0,0.0,15.83,-0.07
PMN,2025-07-18,4.23,0.49,0.44,0.44,False,,0.0,0.0,0.0,0.0,0.0,-50.27,-0.07
SLI,2025-07-18,4.21,2.72,2.7,2.66,False,,0.0,0.0,0.0,0.0,0.0,61.76,-0.07
OKUR,2025-07-18,4.2,2.48,2.33,2.46,False,,0.0,0.0,0.0,0.0,0.0,,-0.07
CDNA,2025-07-18,4.19,12.3,11.91,13.84,False,,0.0,0.0,0.0,0.0,0.0,-47.56,-0.07
CRCL,2025-07-18,4.18,244.9,223.78,227.16,False,,0.0,0.0,0.0,0.0,0.0,,-0.07
GFAIW,2025-07-18,4.17,0.25,0.25,0.25,False,,0.0,0.0,0.0,0.0,0.0,,-0.07
TOON,2025-07-18,4.15,0.74,0.76,0.74,False,,0.0,0.0,0.0,0.0,0.0,,-0.07
ESGLW,2025-07-18,4.15,0.06,0.06,0.06,False,,0.0,0.0,0.0,0.0,0.0,,-0.07
ADD,2025-07-18,4.14,0.98,0.9,0.94,False,,0.0,0.0,0.0,0.0,0.0,-37.26,-0.07
FORA,2025-07-18,4.12,2.02,1.96,1.96,False,,0.0,0.0,0.0,0.0,0.0,-7.96,-0.07
GOSS,2025-07-18,4.09,1.78,1.7,1.66,False,,0.0,0.0,0.0,0.0,0.0,,-0.07
HOOD,2025-07-18,4.08,109.75,109.74,104.88,False,,0.0,0.0,0.0,0.0,0.0,152.41,-0.07
GBR,2025-07-18,4.06,1.0,0.95,0.97,False,,0.0,0.0,0.0,0.0,0.0,,-0.07
GIFT,2025-07-18,4.06,1.03,1.02,1.07,False,,0.0,0.0,0.0,0.0,0.0,,-0.07
RF,2025-07-18,4.04,25.5,26.01,24.88,False,,0.0,0.0,0.0,0.0,0.0,10.55,-0.07
KULR,2025-07-18,4.04,6.7,6.9,6.55,False,,0.0,0.0,0.0,0.0,0.0,,-0.07
JD,2025-07-18,4.01,34.0,33.92,32.81,False,,0.0,0.0,0.0,0.0,0.0,-8.15,-0.07
STG,2025-07-18,3.98,13.31,11.69,12.53,False,,0.0,0.0,0.0,0.0,0.0,82.8,-0.07
SLXN,2025-07-18,3.97,0.89,0.83,0.78,False,,0.0,0.0,0.0,0.0,0.0,,-0.07
BNR,2025-07-18,3.9,4.79,4.7,4.69,False,,0.0,0.0,0.0,0.0,0.0,-0.76,-0.07
TAC,2025-07-18,3.89,12.55,12.36,12.05,False,,0.0,0.0,0.0,0.0,0.0,13.49,-0.07
NFE,2025-07-18,3.89,4.67,4.57,4.29,False,,0.0,0.0,0.0,0.0,0.0,-53.05,-0.07
PMNT,2025-07-18,3.84,0.33,0.33,0.31,False,,0.0,0.0,0.0,0.0,0.0,,-0.07
BAOS,2025-07-18,3.83,2.98,2.8,2.8,False,,0.0,0.0,0.0,0.0,0.0,,-0.07
GRWG,2025-07-18,3.82,1.01,1.0,1.0,False,,0.0,0.0,0.0,0.0,0.0,-36.94,-0.07
LNG,2025-07-18,3.81,240.5,244.28,238.74,False,,0.0,0.0,0.0,0.0,0.0,14.18,-0.07
WKHS,2025-07-18,3.81,2.18,2.14,2.28,False,,0.0,0.0,0.0,0.0,0.0,,-0.07
RVSNW,2025-07-18,3.81,0.09,0.08,0.08,False,,0.0,0.0,0.0,0.0,0.0,,-0.07
MTRN,2025-07-18,3.8,92.0,94.2,89.41,False,,0.0,0.0,0.0,0.0,0.0,-4.31,-0.07
TPIC,2025-07-18,3.8,0.91,0.92,0.83,False,,0.0,0.0,0.0,0.0,0.0,-56.45,-0.07
BFLY,2025-07-18,3.78,1.92,1.87,1.82,False,,0.0,0.0,0.0,0.0,0.0,,-0.07
DRD,2025-07-18,3.77,14.02,13.75,13.6,False,,0.0,0.0,0.0,0.0,0.0,21.86,-0.07
XTKG,2025-07-18,3.77,1.57,1.62,1.65,False,,0.0,0.0,0.0,0.0,0.0,,-0.07
CCG,2025-07-18,3.75,0.83,0.81,0.8,False,,0.0,0.0,0.0,0.0,0.0,,-0.07
LOCL,2025-07-18,3.75,2.77,2.55,2.63,False,,0.0,0.0,0.0,0.0,0.0,,-0.07
LAES,2025-07-18,3.74,3.88,3.75,3.61,False,,0.0,0.0,0.0,0.0,0.0,,-0.07
AISPW,2025-07-18,3.74,1.94,1.9,1.78,False,,0.0,0.0,0.0,0.0,0.0,,-0.07
VGASW,2025-07-18,3.73,0.16,0.16,0.16,False,,0.0,0.0,0.0,0.0,0.0,,-0.07
REPX,2025-07-18,3.73,27.54,27.41,26.44,False,,0.0,0.0,0.0,0.0,0.0,-8.66,-0.07
UBXG,2025-07-18,3.69,3.18,3.08,3.14,False,,0.0,0.0,0.0,0.0,0.0,,-0.07
OTRK,2025-07-18,3.69,0.56,0.56,0.52,False,,0.0,0.0,0.0,0.0,0.0,,-0.07
PCSA,2025-07-18,3.68,0.22,0.21,0.21,False,,0.0,0.0,0.0,0.0,0.0,,-0.07
RVPH,2025-07-18,3.65,0.42,0.4,0.4,False,,0.0,0.0,0.0,0.0,0.0,-69.56,-0.07
MYPSW,2025-07-18,3.65,0.01,0.02,0.02,False,,0.0,0.0,0.0,0.0,0.0,,-0.07
THAR,2025-07-18,3.64,1.71,1.69,1.69,False,,0.0,0.0,0.0,0.0,0.0,,-0.07
TRON,2025-07-18,3.64,11.4,10.1,10.57,False,,0.0,0.0,0.0,0.0,0.0,,-0.07
OPTT,2025-07-18,3.63,0.72,0.72,0.66,False,,0.0,0.0,0.0,0.0,0.0,,-0.07
ORGN,2025-07-18,3.63,0.6,0.6,0.58,False,,0.0,0.0,0.0,0.0,0.0,-43.07,-0.07
PACB,2025-07-18,3.6,1.44,1.37,1.46,False,,0.0,0.0,0.0,0.0,0.0,-17.71,-0.07
LGHL,2025-07-18,3.58,4.05,3.83,3.75,False,,0.0,0.0,0.0,0.0,0.0,,-0.07
ONFOW,2025-07-18,3.57,0.14,0.15,0.14,False,,0.0,0.0,0.0,0.0,0.0,,-0.07
DAVEW,2025-07-18,3.57,1.45,1.34,1.3,False,,0.0,0.0,0.0,0.0,0.0,,-0.07
TYGO,2025-07-18,3.56,1.33,1.3,1.32,False,,0.0,0.0,0.0,0.0,0.0,,-0.07
LUNG,2025-07-18,3.56,3.2,3.15,2.95,False,,0.0,0.0,0.0,0.0,0.0,-48.95,-0.07
IVZ,2025-07-18,3.56,17.89,19.92,18.48,False,,0.0,0.0,0.0,0.0,0.0,17.83,-0.07
SYBX,2025-07-18,3.55,1.75,1.74,1.56,False,,0.0,0.0,0.0,0.0,0.0,,-0.07
HBIO,2025-07-18,3.55,0.47,0.45,0.44,False,,0.0,0.0,0.0,0.0,0.0,-73.13,-0.07
INDB,2025-07-18,3.52,68.0,69.48,66.77,False,,0.0,0.0,0.0,0.0,0.0,7.42,-0.07
JG,2025-07-18,3.51,12.38,11.67,11.89,False,,0.0,0.0,0.0,0.0,0.0,,-0.07
VNRX,2025-07-18,3.5,0.7,0.68,0.69,False,,0.0,0.0,0.0,0.0,0.0,,-0.07
APDN,2025-07-18,3.5,5.33,5.04,5.2,False,,0.0,0.0,0.0,0.0,0.0,,-0.07
SNTI,2025-07-18,3.48,2.08,1.95,1.94,False,,0.0,0.0,0.0,0.0,0.0,,-0.07
BABA,2025-07-18,3.48,121.38,120.23,117.33,False,,0.0,0.0,0.0,0.0,0.0,16.57,-0.07
TLS,2025-07-18,3.47,2.98,2.85,2.82,False,,0.0,0.0,0.0,0.0,0.0,-11.72,-0.07
TMCWW,2025-07-18,3.47,2.09,2.05,1.97,False,,0.0,0.0,0.0,0.0,0.0,,-0.07
YIBO,2025-07-18,3.47,1.49,1.46,1.46,False,,0.0,0.0,0.0,0.0,0.0,,-0.07
WAFD,2025-07-18,3.46,30.77,29.73,29.72,False,,0.0,0.0,0.0,0.0,0.0,-7.74,-0.07
XLO,2025-07-18,3.45,0.75,0.72,0.73,False,,0.0,0.0,0.0,0.0,0.0,-18.98,-0.07
IBG,2025-07-18,3.45,0.9,1.05,1.27,False,,0.0,0.0,0.0,0.0,0.0,,-0.07
MVSTW,2025-07-18,3.43,0.32,0.3,0.3,False,,0.0,0.0,0.0,0.0,0.0,,-0.07
MCRB,2025-07-18,3.41,14.56,14.07,14.44,False,,0.0,0.0,0.0,0.0,0.0,498.5,-0.07
MHUA,2025-07-18,3.4,0.44,0.45,0.43,False,,0.0,0.0,0.0,0.0,0.0,-13.93,-0.07
CARM,2025-07-18,3.39,0.41,0.39,0.41,False,,0.0,0.0,0.0,0.0,0.0,,-0.07
SER,2025-07-18,3.39,5.49,5.36,5.39,False,,0.0,0.0,0.0,0.0,0.0,,-0.07
PERF,2025-07-18,3.38,2.45,2.5,2.41,False,,0.0,0.0,0.0,0.0,0.0,19.86,-0.07
MNYWW,2025-07-18,3.36,0.11,0.12,0.1,False,,0.0,0.0,0.0,0.0,0.0,,-0.07
NETDW,2025-07-18,3.33,0.31,0.25,0.24,False,,0.0,0.0,0.0,0.0,0.0,,-0.07
QS,2025-07-18,3.31,14.05,14.64,12.66,False,,0.0,0.0,0.0,0.0,0.0,180.18,-0.07
ATMVR,2025-07-18,3.3,0.31,0.29,0.31,False,,0.0,0.0,0.0,0.0,0.0,,-0.07
BILI,2025-07-18,3.29,25.4,25.2,24.36,False,,0.0,0.0,0.0,0.0,0.0,29.47,-0.07
SNV,2025-07-18,3.29,55.62,55.74,53.99,False,,0.0,0.0,0.0,0.0,0.0,10.83,-0.07
TNXP,2025-07-18,3.28,48.74,46.91,46.54,False,,0.0,0.0,0.0,0.0,0.0,,-0.07
ALOT,2025-07-18,3.28,11.65,11.22,11.27,False,,0.0,0.0,0.0,0.0,0.0,-8.21,-0.07
GLP,2025-07-18,3.27,52.68,51.54,51.25,False,,0.0,0.0,0.0,0.0,0.0,1.84,-0.07
BAER,2025-07-18,3.26,1.9,1.86,1.85,False,,0.0,0.0,0.0,0.0,0.0,-20.2,-0.07
VRAX,2025-07-18,3.26,0.95,0.96,0.95,False,,0.0,0.0,0.0,0.0,0.0,,-0.07
LGVN,2025-07-18,3.25,1.59,1.52,1.5,False,,0.0,0.0,0.0,0.0,0.0,-13.24,-0.07
SMSI,2025-07-18,3.25,0.94,0.89,0.98,False,,0.0,0.0,0.0,0.0,0.0,,-0.07
SGML,2025-07-18,3.23,6.87,6.65,6.4,False,,0.0,0.0,0.0,0.0,0.0,-39.13,-0.07
HTCR,2025-07-18,3.22,0.48,0.47,0.47,False,,0.0,0.0,0.0,0.0,0.0,,-0.07
CLGN,2025-07-18,3.22,1.88,2.03,1.8,False,,0.0,0.0,0.0,0.0,0.0,-43.03,-0.07
UAMY,2025-07-18,3.22,3.85,3.87,3.58,False,,0.0,0.0,0.0,0.0,0.0,,-0.07
AI,2025-07-18,3.21,29.27,28.71,27.95,False,,0.0,0.0,0.0,0.0,0.0,1.62,-0.07
RVP,2025-07-18,3.21,0.69,0.66,0.67,False,,0.0,0.0,0.0,0.0,0.0,,-0.07
NEOV,2025-07-18,3.2,4.52,4.56,4.54,False,,0.0,0.0,0.0,0.0,0.0,24.21,-0.07
MNTS,2025-07-18,3.17,1.3,1.28,1.25,False,,0.0,0.0,0.0,0.0,0.0,,-0.07
GFI,2025-07-18,3.17,24.74,24.22,24.08,False,,0.0,0.0,0.0,0.0,0.0,37.05,-0.07
FUTU,2025-07-18,3.16,154.8,160.57,153.32,False,,0.0,0.0,0.0,0.0,0.0,67.25,-0.07
TENX,2025-07-18,3.15,6.07,5.96,5.94,False,,0.0,0.0,0.0,0.0,0.0,,-0.07
INTJ,2025-07-18,3.14,1.64,1.41,1.42,False,,0.0,0.0,0.0,0.0,0.0,,-0.07
RENB,2025-07-18,3.14,0.33,0.32,0.32,False,,0.0,0.0,0.0,0.0,0.0,,-0.07
ELTX,2025-07-18,3.12,9.59,9.34,9.22,False,,0.0,0.0,0.0,0.0,0.0,,-0.07
SGA,2025-07-18,3.1,13.63,13.26,13.33,False,,0.0,0.0,0.0,0.0,0.0,3.99,-0.07
PROP,2025-07-18,3.09,4.0,3.95,3.78,False,,0.0,0.0,0.0,0.0,0.0,,-0.07
MVRL,2025-07-18,3.09,15.08,14.5,14.61,False,,0.0,0.0,0.0,0.0,0.0,-11.38,-0.07
HDL,2025-07-18,3.09,19.71,19.7,19.16,False,,0.0,0.0,0.0,0.0,0.0,,-0.07
BZFD,2025-07-18,3.07,2.35,2.28,2.26,False,,0.0,0.0,0.0,0.0,0.0,,-0.07
APYX,2025-07-18,3.07,2.35,2.26,2.11,False,,0.0,0.0,0.0,0.0,0.0,59.72,-0.07
OABI,2025-07-18,3.06,2.02,1.95,1.98,False,,0.0,0.0,0.0,0.0,0.0,-41.11,-0.07
DDL,2025-07-18,3.06,2.36,2.32,2.29,False,,0.0,0.0,0.0,0.0,0.0,-28.19,-0.07
LESL,2025-07-18,3.05,0.41,0.4,0.41,False,,0.0,0.0,0.0,0.0,0.0,-79.69,-0.07
NNVC,2025-07-18,3.05,1.69,1.68,1.61,False,,0.0,0.0,0.0,0.0,0.0,,-0.07
MOB,2025-07-18,3.05,3.72,4.07,3.67,False,,0.0,0.0,0.0,0.0,0.0,,-0.07
NSC,2025-07-18,3.05,278.03,276.66,271.25,False,,0.0,0.0,0.0,0.0,0.0,11.51,-0.07
SQNS,2025-07-18,3.03,3.06,2.7,3.75,False,,0.0,0.0,0.0,0.0,0.0,12.84,-0.07
BDSX,2025-07-18,3.03,0.32,0.32,0.31,False,,0.0,0.0,0.0,0.0,0.0,,-0.07
AIM,2025-07-18,3.01,8.92,9.25,8.84,False,,0.0,0.0,0.0,0.0,0.0,,-0.07
DSY,2025-07-18,3.01,1.37,1.31,1.36,False,,0.0,0.0,0.0,0.0,0.0,,-0.07
ASPN,2025-07-18,3.0,6.86,7.23,6.81,False,,0.0,0.0,0.0,0.0,0.0,-46.43,-0.07
VLCN,2025-07-17,341.52,40.73,21.61,28.73,True,1,209.28,-1.71,6.0,-7.91,27.76,,0.61
BSLKW,2025-07-17,110.0,0.06,0.05,0.06,True,1,0.0,-0.0,0.02,-3.6,38.8,,0.61
BSLK,2025-07-17,90.5,4.21,3.03,3.44,True,1,169.1,0.28,0.13,9.24,4.29,,0.61
ABVEW,2025-07-17,81.27,0.3,0.33,0.26,True,1,152.23,0.05,0.09,16.92,26.15,,0.61
DHAIW,2025-07-17,80.85,0.03,0.02,0.02,True,1,120.62,0.0,0.01,10.0,25.0,,0.61
XXII,2025-07-17,67.25,7.66,4.9,6.18,True,1,268.01,-0.37,1.2,-7.55,24.5,,0.61
SONDW,2025-07-17,54.1,0.01,0.01,0.01,True,1,2765.05,-0.0,0.0,-1.1,27.47,,0.61
ABVE,2025-07-17,53.57,2.58,3.4,2.91,True,1,0.0,0.18,0.7,5.29,20.59,,0.61
WINT,2025-07-17,50.0,1.35,1.05,1.07,False,,91.94,0.3,-0.04,28.57,-3.81,7.08,0.61
LSBPW,2025-07-17,45.31,0.04,0.04,0.04,True,1,0.0,0.0,0.0,7.26,5.11,,0.61
SVREW,2025-07-17,41.74,0.05,0.04,0.04,False,,0.0,0.0,0.0,0.0,0.0,,0.61
NVVEW,2025-07-17,37.5,0.03,0.02,0.02,False,,93.48,0.0,0.0,16.67,0.0,,0.61
LEXXW,2025-07-17,37.5,0.11,0.15,0.13,False,,0.0,0.0,0.0,0.0,0.0,,0.61
VSEEW,2025-07-17,36.0,0.07,0.06,0.06,True,1,159.68,-0.01,0.01,-8.9,8.9,,0.61
MAPSW,2025-07-17,34.84,0.02,0.02,0.02,True,1,138.81,0.01,-0.0,59.89,-10.73,,0.61
BTBDW,2025-07-17,33.8,0.05,0.05,0.04,False,,0.0,0.0,0.0,0.0,0.0,,0.61
RVSNW,2025-07-17,32.73,0.08,0.09,0.08,True,1,491.5,0.01,0.01,12.92,14.42,,0.61
LCID,2025-07-17,31.0,3.0,3.12,2.94,True,1,214.37,0.09,0.25,2.88,8.01,15.18,0.61
ATMCR,2025-07-17,29.74,0.26,0.22,0.23,False,,94.06,0.06,-0.01,26.05,-4.55,,0.61
FGIWW,2025-07-17,29.39,0.04,0.03,0.04,True,1,950.15,0.01,0.0,33.01,0.33,,0.61
BNZIW,2025-07-17,28.22,0.03,0.03,0.02,True,1,104.79,0.0,0.0,0.0,8.0,,0.61
OPEN,2025-07-17,28.19,1.91,1.65,1.43,False,,31.48,0.66,-0.11,40.0,-6.67,,0.61
FBYDW,2025-07-17,28.0,1.28,1.0,1.0,False,,0.0,0.0,0.0,0.0,0.0,,0.61
LUCYW,2025-07-17,27.55,0.12,0.11,0.1,True,1,157.3,-0.02,0.02,-16.28,20.74,,0.61
BTOG,2025-07-17,27.15,0.42,0.63,0.54,False,,0.0,0.38,-0.08,60.06,-12.52,,0.61
RCKTW,2025-07-17,25.71,0.05,0.03,0.04,True,1,179.97,0.01,0.01,24.45,18.18,,0.61
STEC,2025-07-17,25.44,0.96,0.77,0.77,True,1,111.53,0.07,0.02,9.59,2.96,,0.61
SCLXW,2025-07-17,25.13,0.19,0.32,0.22,False,,0.0,0.2,-0.03,63.78,-9.51,,0.61
ZEOWW,2025-07-17,24.76,0.07,0.06,0.06,False,,0.0,0.0,0.0,0.0,0.0,,0.61
ACONW,2025-07-17,23.31,0.03,0.03,0.02,False,,72.71,0.01,0.0,17.53,13.75,,0.61
MCRI,2025-07-17,22.96,107.42,104.83,98.24,False,,46.19,2.17,1.65,2.07,1.57,28.25,0.61
SRPT,2025-07-17,22.63,22.54,21.97,20.13,True,1,403.39,-2.79,9.16,-12.7,41.69,-78.11,0.61
TDTH,2025-07-17,20.83,1.05,1.05,0.83,False,,-59.73,0.65,-0.13,61.9,-12.38,,0.61
COEPW,2025-07-17,20.69,0.03,0.04,0.03,True,1,0.0,-0.01,0.01,-13.0,34.75,,0.61
MNYWW,2025-07-17,20.12,0.12,0.11,0.09,False,,76.64,0.01,0.01,9.09,9.27,,0.61
XBPEW,2025-07-17,19.73,0.04,0.03,0.03,False,,83.49,0.01,-0.0,19.0,-7.0,,0.61
PGYWW,2025-07-17,18.89,0.18,0.18,0.16,False,,-29.01,0.12,-0.01,66.67,-3.33,,0.61
CINGW,2025-07-17,16.96,0.05,0.05,0.04,False,,60.69,0.05,0.0,113.22,7.04,,0.61
ACTU,2025-07-17,16.69,7.27,6.26,6.45,True,1,184.36,-0.05,0.5,-0.88,7.99,,0.61
SOAR,2025-07-17,15.94,1.6,1.68,1.6,True,1,0.0,0.11,0.18,6.55,10.71,,0.61
BGLC,2025-07-17,15.76,4.92,6.63,5.93,True,1,0.0,-0.56,1.53,-8.45,23.08,,0.61
GIPRW,2025-07-17,15.7,0.07,0.07,0.06,False,,0.0,0.0,0.0,0.0,0.0,,0.61
BTCS,2025-07-17,15.02,6.62,6.47,5.78,False,,10.07,2.02,-0.07,31.22,-1.08,,0.61
DPRO,2025-07-17,14.58,5.93,7.22,5.56,True,1,206.98,-1.32,2.07,-18.28,28.67,,0.61
RCKT,2025-07-17,14.34,3.27,3.34,3.2,True,1,337.65,-0.01,0.31,-0.3,9.28,-71.73,0.61
UPXI,2025-07-17,14.33,8.3,7.24,6.65,False,,84.91,1.89,0.34,26.1,4.7,58.69,0.61
TWG,2025-07-17,13.66,0.16,0.12,0.14,True,1,290.68,-0.01,0.02,-5.04,13.82,,0.61
SLDPW,2025-07-17,13.66,0.63,0.64,0.52,False,,-18.8,0.16,-0.01,24.61,-1.56,,0.61
VERI,2025-07-17,13.64,2.25,2.15,1.9,False,,28.37,0.24,0.0,11.16,0.0,-24.93,0.61
MRNOW,2025-07-17,13.52,0.23,0.22,0.22,False,,75.67,0.01,0.0,4.54,0.05,,0.61
HUMAW,2025-07-17,11.98,0.56,0.47,0.53,True,1,228.86,0.07,-0.01,14.63,-1.89,,0.61
MRKR,2025-07-17,11.25,1.78,1.92,2.56,True,1,0.0,-0.03,0.29,-1.57,15.1,,0.61
YOSH,2025-07-17,11.23,7.43,6.1,7.12,True,1,629.34,1.38,0.63,22.62,10.33,-17.88,0.61
ZEPP,2025-07-17,11.12,14.39,14.18,12.71,True,1,105.73,0.01,1.57,0.07,11.07,,0.61
OPAD,2025-07-17,10.99,2.58,2.23,2.65,True,1,0.0,0.04,0.32,1.79,14.35,,0.61
PDYNW,2025-07-17,10.59,0.47,0.57,0.5,True,1,0.0,0.02,0.12,3.51,21.05,,0.61
PGY,2025-07-17,10.5,26.0,29.5,26.81,False,,0.0,2.45,-0.59,8.29,-2.0,,0.61
VVPR,2025-07-17,10.19,6.81,6.72,6.32,False,,-6.07,1.91,-0.12,28.42,-1.79,,0.61
PAVS,2025-07-17,9.89,0.92,0.87,0.88,True,1,210.26,-0.02,0.03,-2.29,3.44,,0.61
BTCT,2025-07-17,9.8,3.81,3.44,3.54,True,1,191.01,0.24,0.15,6.98,4.36,,0.61
UHG,2025-07-17,9.75,3.94,4.35,3.57,False,,50.92,-0.05,0.6,-1.17,13.79,,0.61
FUFUW,2025-07-17,9.59,0.37,0.38,0.36,False,,4.6,0.03,0.01,7.95,2.13,,0.61
MAN,2025-07-17,9.49,47.19,44.36,43.83,True,1,123.76,0.48,1.33,1.08,3.0,-24.11,0.61
RZLV,2025-07-17,9.43,2.9,2.87,2.7,False,,63.47,0.06,0.1,2.09,3.48,,0.61
MAIA,2025-07-17,9.36,1.87,1.78,1.79,True,1,264.96,0.02,0.13,1.12,7.28,-18.34,0.61
AIRJW,2025-07-17,9.09,0.72,0.72,0.68,False,,71.21,-0.0,0.03,-0.01,4.18,,0.61
VSSYW,2025-07-17,9.09,0.09,0.07,0.08,False,,0.0,0.0,0.0,0.0,0.0,,0.61
MSN,2025-07-17,9.01,0.41,0.39,0.38,True,1,119.67,0.03,0.01,6.82,2.29,,0.61
ARBKL,2025-07-17,9.0,3.39,3.27,4.11,True,1,0.0,0.43,0.46,13.15,14.07,-58.5,0.61
CRMLW,2025-07-17,8.85,1.0,1.08,0.92,False,,-180.13,0.52,-0.07,48.5,-6.48,,0.61
CARS,2025-07-17,8.84,13.42,12.98,12.71,False,,99.18,0.15,0.26,1.16,2.0,-17.13,0.61
RGC,2025-07-17,8.83,16.64,14.86,14.8,True,1,135.23,0.74,0.71,4.98,4.78,-71.54,0.61
AMPGW,2025-07-17,8.6,0.63,0.5,0.56,False,,0.0,0.0,0.0,0.0,0.0,,0.61
AGRI,2025-07-17,8.46,0.78,0.8,0.85,True,1,0.0,0.04,0.08,4.74,9.45,,0.61
PCTTU,2025-07-17,8.43,22.5,22.35,20.39,False,,33.13,1.5,0.55,6.71,2.46,74.7,0.61
UHGWW,2025-07-17,8.39,0.86,0.9,0.89,False,,0.0,0.0,0.0,0.0,0.0,,0.61
LWLG,2025-07-17,8.24,1.97,1.85,1.73,False,,90.9,0.04,0.1,2.16,5.41,-12.8,0.61
KOPN,2025-07-17,8.24,2.1,2.19,2.05,False,,21.46,0.05,0.1,2.28,4.57,,0.61
GBLI,2025-07-17,8.21,32.89,31.7,32.1,False,,0.0,0.0,0.0,0.0,0.0,-6.28,0.61
FGI,2025-07-17,8.21,0.92,0.98,0.88,True,1,248.08,0.03,0.17,3.06,17.35,,0.61
SHOO,2025-07-17,8.06,26.56,26.13,25.14,False,,21.13,0.82,-0.13,3.14,-0.5,-31.49,0.61
CREG,2025-07-17,8.05,0.2,0.19,0.2,False,,-105736.9,2.11,-1.63,1123.4,-868.09,,0.61
RZLVW,2025-07-17,7.94,0.67,0.68,0.66,True,1,256.24,0.01,0.03,0.92,3.7,,0.61
AHG,2025-07-17,7.94,1.89,1.78,1.83,False,,82.28,0.21,-0.06,11.8,-3.37,,0.61
INTG,2025-07-17,7.93,11.98,10.9,12.36,True,1,0.0,0.94,-0.34,8.62,-3.12,-21.7,0.61
FOLD,2025-07-17,7.91,6.55,6.29,6.21,True,1,189.17,0.06,0.38,0.95,5.96,-32.2,0.61
SPAI,2025-07-17,7.84,3.3,4.35,3.86,True,1,0.0,-0.22,0.73,-5.06,16.78,,0.61
COOT,2025-07-17,7.8,0.56,0.54,0.52,True,1,107.0,0.04,0.02,6.69,2.8,,0.61
OVID,2025-07-17,7.69,0.42,0.48,0.49,True,1,0.0,0.09,-0.0,18.92,-0.15,-40.76,0.61
ARBEW,2025-07-17,7.52,0.23,0.23,0.23,False,,0.0,0.01,0.0,4.04,0.04,,0.61
MOB,2025-07-17,7.48,3.45,3.61,3.38,False,,-106.31,0.54,0.09,14.96,2.49,,0.61
ENGNW,2025-07-17,7.4,0.87,0.87,0.94,False,,0.0,0.0,0.0,0.0,0.0,,0.61
JWEL,2025-07-17,7.35,2.19,2.25,2.29,True,1,0.0,0.25,0.1,11.11,4.44,,0.61
MESO,2025-07-17,7.31,12.18,12.34,11.82,False,,-741.42,3.73,-2.54,30.23,-20.58,-0.3,0.61
NA,2025-07-17,7.31,9.1,8.89,8.41,True,1,165.77,0.37,0.93,4.16,10.46,,0.61
EVTL,2025-07-17,7.21,6.1,6.45,5.73,False,,-2.74,0.55,0.34,8.53,5.27,,0.61
LNZA,2025-07-17,7.02,0.31,0.31,0.29,True,1,131.89,0.0,0.02,0.49,7.44,,0.61
DRMA,2025-07-17,6.98,0.75,0.68,0.72,True,1,341.73,0.02,0.03,3.5,4.26,,0.61
PDYN,2025-07-17,6.94,10.32,12.68,10.69,False,,0.0,0.03,0.88,0.24,6.94,,0.61
XTNT,2025-07-17,6.9,0.62,0.62,0.61,True,1,238.94,0.02,0.02,3.23,2.74,,0.61
EVLVW,2025-07-17,6.86,0.45,0.46,0.45,False,,-1029.87,0.09,-0.03,20.19,-6.64,,0.61
SPCE,2025-07-17,6.77,3.47,3.74,3.6,True,1,0.0,0.4,0.16,10.7,4.28,-28.64,0.61
CYCCP,2025-07-17,6.72,5.4,5.31,5.69,True,1,0.0,0.89,-0.18,16.76,-3.43,-18.28,0.61
AUROW,2025-07-17,6.65,0.96,0.98,0.91,False,,54.15,0.06,0.05,6.63,4.61,,0.61
TBLAW,2025-07-17,6.6,0.16,0.2,0.18,False,,0.0,0.0,0.0,0.0,0.0,,0.61
BWEN,2025-07-17,6.59,2.75,2.51,2.33,False,,78.27,0.08,0.09,3.19,3.59,36.18,0.61
GRABW,2025-07-17,6.58,0.41,0.4,0.39,False,,23.98,0.09,-0.01,22.55,-1.34,,0.61
MHH,2025-07-17,6.49,8.2,7.85,7.81,False,,90.21,0.26,0.0,3.31,0.0,-29.75,0.61
NBY,2025-07-17,6.49,0.69,0.65,0.68,True,1,475.06,0.05,0.0,7.69,0.28,,0.61
SENS,2025-07-17,6.41,0.57,0.56,0.55,True,1,135.93,0.04,0.03,7.1,4.46,,0.61
GRNQ,2025-07-17,6.33,2.35,2.22,2.22,True,1,260.35,-0.02,0.21,-0.9,9.46,,0.61
CLNNW,2025-07-17,6.31,0.03,0.03,0.03,False,,0.0,0.0,0.0,0.0,0.0,,0.61
IVP,2025-07-17,6.28,0.68,0.66,0.73,True,1,0.0,0.05,0.03,7.15,4.75,,0.61
MBRX,2025-07-17,6.25,0.68,0.84,0.69,False,,0.0,0.12,0.05,14.89,5.46,,0.61
DZZ,2025-07-17,6.18,1.89,1.87,1.84,False,,96.09,0.03,0.03,1.6,1.6,9.51,0.61
LI,2025-07-17,6.09,31.19,31.36,29.9,False,,-28.74,0.66,-0.2,2.12,-0.64,25.75,0.61
AMPG,2025-07-17,6.06,2.8,2.93,2.7,False,,76.87,0.02,0.21,0.68,7.17,74.21,0.61
JFU,2025-07-17,6.05,1.84,1.67,1.71,True,1,251.78,0.06,0.16,3.64,9.77,,0.61
HPAIW,2025-07-17,6.03,0.19,0.16,0.16,True,1,392.89,-0.0,0.07,-0.06,45.94,,0.61
NXL,2025-07-17,5.94,1.07,1.15,1.04,False,,-76.29,0.05,0.06,4.35,5.22,,0.61
NUKKW,2025-07-17,5.9,0.09,0.09,0.09,True,1,3719.3,0.0,0.01,2.0,8.91,,0.61
ATMC,2025-07-17,5.89,12.99,12.0,12.31,False,,0.0,0.0,0.0,0.0,0.0,4.94,0.61
AUUDW,2025-07-17,5.85,0.02,0.02,0.02,False,,0.0,0.0,0.0,0.0,0.0,,0.61
AISPW,2025-07-17,5.85,1.9,1.87,1.68,False,,31.8,0.18,0.04,9.63,2.09,,0.61
AUBN,2025-07-17,5.84,26.99,27.7,26.34,False,,-32.1,1.2,0.5,4.33,1.81,26.98,0.61
NOM,2025-07-17,5.81,11.22,10.74,11.01,True,1,224.35,0.28,-0.01,2.61,-0.09,-1.46,0.61
BTMWW,2025-07-17,5.66,0.56,0.51,0.51,False,,18.35,0.24,-0.04,47.06,-7.84,,0.61
SBCWW,2025-07-17,5.56,0.19,0.27,0.23,False,,0.0,0.0,0.0,0.0,0.0,,0.61
PBMWW,2025-07-17,5.56,0.02,0.02,0.02,False,,12.85,0.0,-0.0,7.69,-6.67,,0.61
SBFMW,2025-07-17,5.54,0.25,0.21,0.24,True,1,922.16,0.03,0.04,15.35,16.28,,0.61
HOVRW,2025-07-17,5.53,0.26,0.27,0.26,False,,0.0,0.05,-0.01,18.52,-1.85,,0.61
BLMZ,2025-07-17,5.52,0.21,0.21,0.22,True,1,0.0,0.01,0.02,3.15,8.17,,0.61
DRTSW,2025-07-17,5.51,0.29,0.27,0.27,False,,0.0,0.0,0.0,0.0,0.0,,0.61
NRXS,2025-07-17,5.49,2.5,2.72,2.54,False,,0.0,0.02,0.13,0.74,4.78,,0.61
SSBI,2025-07-17,5.47,11.96,11.48,11.42,False,,89.61,0.16,0.01,1.35,0.04,42.23,0.61
RENB,2025-07-17,5.46,0.36,0.32,0.31,True,1,101.23,0.03,0.0,11.04,0.73,,0.61
GIFT,2025-07-17,5.45,1.16,0.99,1.11,True,1,583.13,0.11,0.14,11.13,14.12,,0.61
APRE,2025-07-17,5.42,1.75,1.67,1.67,True,1,153.14,0.08,0.04,4.79,2.4,-43.44,0.61
LGHL,2025-07-17,5.41,3.7,3.91,3.83,True,1,0.0,0.18,0.31,4.72,7.93,,0.61
SNA,2025-07-17,5.38,329.85,337.8,323.27,False,,-77.38,2.2,2.86,0.65,0.85,2.8,0.61
YHGJ,2025-07-17,5.36,0.77,0.75,0.76,True,1,179.51,-0.01,0.01,-1.42,1.74,,0.61
XTLB,2025-07-17,5.3,1.59,1.75,1.62,False,,0.0,0.13,0.06,7.43,3.43,,0.61
BELFA,2025-07-17,5.25,94.07,91.49,90.83,True,1,139.62,0.65,1.94,0.71,2.12,3.99,0.61
ACXP,2025-07-17,5.18,0.45,0.45,0.45,True,1,604.0,0.01,0.04,1.8,8.69,-58.54,0.61
TMCWW,2025-07-17,5.15,2.04,2.02,1.74,False,,16.69,0.08,0.03,4.21,1.49,,0.61
RILYL,2025-07-17,5.05,5.2,6.06,5.31,False,,0.0,0.34,0.0,5.61,0.06,-2.34,0.61
VIVK,2025-07-17,5.05,0.81,0.83,0.79,True,1,200.68,0.04,0.06,5.04,6.72,,0.61
LITB,2025-07-17,5.0,1.47,1.45,1.37,True,1,167.33,-0.03,0.15,-2.07,10.34,,0.61
HYPR,2025-07-17,5.0,0.84,1.03,0.97,True,1,0.0,0.02,0.12,1.66,11.59,,0.61
HONDW,2025-07-17,4.99,2.1,2.15,2.13,False,,0.0,0.05,-0.03,2.32,-1.39,,0.61
SGRP,2025-07-17,4.94,0.99,1.11,1.03,False,,0.0,0.12,0.01,10.36,0.89,,0.61
SOWG,2025-07-17,4.88,0.85,0.81,0.81,True,1,145.94,0.01,0.02,1.23,1.85,,0.61
AGEN,2025-07-17,4.87,6.67,6.72,6.62,True,1,1125.03,-0.01,0.6,-0.15,8.93,,0.61
GDXD,2025-07-17,4.87,3.23,3.18,3.09,True,1,105.29,0.05,0.1,1.57,3.14,-69.98,0.61
BDMDW,2025-07-17,4.86,0.09,0.07,0.08,False,,-31.72,0.03,-0.03,42.57,-39.29,,0.61
NEOVW,2025-07-17,4.85,1.73,1.65,1.52,True,1,436.75,0.0,0.82,0.0,49.85,,0.61
COCP,2025-07-17,4.77,1.75,1.69,1.74,True,1,1453.36,0.04,0.1,2.37,5.92,,0.61
LGCL,2025-07-17,4.72,1.11,1.06,1.03,False,,98.56,0.03,0.03,2.83,2.83,,0.61
CGTX,2025-07-17,4.7,0.65,0.68,0.62,False,,2.69,0.03,0.04,4.04,5.15,,0.61
PEP,2025-07-17,4.69,141.7,145.44,139.38,False,,-53.35,0.91,2.5,0.63,1.72,-5.53,0.61
NEPH,2025-07-17,4.64,3.61,3.58,3.62,True,1,0.0,0.23,0.0,6.42,0.0,,0.61
OLB,2025-07-17,4.62,1.7,1.69,1.69,True,1,1405.31,0.06,0.15,3.55,8.58,,0.61
XRTX,2025-07-17,4.6,0.91,0.94,0.9,False,,0.0,0.03,0.03,3.46,2.93,,0.61
LAC,2025-07-17,4.58,3.2,3.33,3.12,False,,51.0,0.1,0.17,3.0,5.11,7.87,0.61
ARBE,2025-07-17,4.58,1.6,1.59,1.55,True,1,213.59,0.05,0.09,3.14,5.97,-17.64,0.61
SBET,2025-07-17,4.51,39.06,36.4,31.96,True,1,142.96,4.06,7.49,11.14,20.58,,0.61
CIFRW,2025-07-17,4.48,1.4,1.37,1.4,True,1,10237.57,0.13,0.1,9.49,7.3,,0.61
LTRYW,2025-07-17,4.47,0.02,0.02,0.02,True,1,456.17,0.0,0.0,11.11,21.69,,0.61
SISI,2025-07-17,4.42,0.18,0.17,0.17,True,1,324.89,0.01,0.01,5.58,4.52,,0.61
AIR,2025-07-17,4.41,78.18,85.1,79.14,False,,0.0,0.16,3.81,0.19,4.48,31.56,0.61
ASPI,2025-07-17,4.41,8.53,9.65,8.43,False,,-1471.46,1.04,-0.36,10.78,-3.73,,0.61
REAL,2025-07-17,4.41,5.45,5.64,5.36,False,,-257.57,0.32,-0.03,5.67,-0.53,,0.61
BDSX,2025-07-17,4.4,0.32,0.31,0.31,True,1,141.92,0.01,0.01,3.03,2.45,,0.61
SCWO,2025-07-17,4.4,0.21,0.23,0.2,True,1,297.09,0.0,0.03,0.0,14.22,-72.45,0.61
HTCR,2025-07-17,4.33,0.48,0.47,0.47,True,1,107.66,0.02,0.0,3.22,0.73,,0.61
SERV,2025-07-17,4.32,12.31,12.08,11.38,False,,72.39,0.22,0.44,1.82,3.64,,0.61
MNY,2025-07-17,4.32,1.69,1.5,1.41,False,,78.91,0.22,0.03,14.67,2.0,,0.61
CWD,2025-07-17,4.3,2.91,3.25,3.16,True,1,0.0,0.0,0.38,0.0,11.69,,0.61
SNAL,2025-07-17,4.29,1.46,1.47,1.61,True,1,0.0,0.04,0.12,2.71,8.16,,0.61
SPPL,2025-07-17,4.26,3.67,3.53,3.32,True,1,129.97,0.0,0.31,0.0,8.78,,0.61
RVPH,2025-07-17,4.22,0.4,0.41,0.41,True,1,0.0,0.01,0.01,3.65,3.21,-69.17,0.61
HUBC,2025-07-17,4.18,4.24,3.92,3.23,False,,33.7,0.45,0.02,11.48,0.51,,0.61
ADNWW,2025-07-17,4.17,0.01,0.01,0.01,True,1,0.0,0.0,0.0,0.0,12.5,,0.61
GLTO,2025-07-17,4.14,3.65,3.65,3.77,True,1,0.0,0.31,0.25,8.49,6.85,,0.61
TMQ,2025-07-17,4.12,2.02,1.9,1.88,True,1,105.12,0.1,0.03,5.26,1.58,,0.61
QSIAW,2025-07-17,4.1,0.59,0.61,0.59,True,1,0.0,-0.0,0.03,-0.02,4.92,,0.61
INLX,2025-07-17,4.09,14.0,14.0,13.77,True,1,237.87,-0.1,0.54,-0.71,3.86,8.18,0.61
RSVR,2025-07-17,4.08,7.65,7.4,7.84,True,1,0.0,0.08,0.1,1.08,1.35,-9.02,0.61
NAII,2025-07-17,4.08,3.57,3.41,3.45,True,1,192.76,0.08,0.07,2.35,2.05,-20.31,0.61
TOST,2025-07-17,4.08,46.98,46.62,45.19,False,,56.59,0.88,0.65,1.89,1.39,28.92,0.61
FORA,2025-07-17,4.08,2.04,1.94,1.97,True,1,126.85,0.09,-0.01,4.64,-0.52,-8.95,0.61
ISPO,2025-07-17,4.05,3.34,3.21,3.34,True,1,0.0,0.06,0.21,1.83,6.54,,0.61
ZVIA,2025-07-17,4.03,3.1,3.13,2.94,False,,37.93,0.02,0.09,0.64,2.88,24.18,0.61
ONCY,2025-07-17,4.0,1.3,1.32,1.23,False,,83.97,0.01,0.08,0.76,6.06,,0.61
MXC,2025-07-17,3.95,8.15,7.89,8.13,True,1,2211.32,0.34,0.08,4.25,1.01,-27.48,0.61
CPHC,2025-07-17,3.94,18.99,18.4,18.51,True,1,153.46,0.1,0.15,0.54,0.82,-5.51,0.61
MCVT,2025-07-17,3.93,1.85,1.76,1.81,True,1,325.9,0.08,0.03,4.54,1.7,-17.55,0.61
RNWWW,2025-07-17,3.93,0.15,0.14,0.14,False,,10.8,0.03,-0.01,23.64,-9.09,,0.61
SER,2025-07-17,3.88,5.35,5.31,5.36,True,1,0.0,0.26,0.0,4.9,0.0,,0.61
BTCM,2025-07-17,3.88,4.55,4.2,4.59,True,1,0.0,0.36,0.14,8.57,3.33,69.9,0.61
BULL,2025-07-17,3.88,13.4,14.43,13.28,False,,-785.53,2.79,0.05,19.33,0.34,,0.61
SDOT,2025-07-17,3.88,1.34,1.38,1.32,False,,-310.58,0.04,-0.01,2.9,-0.73,,0.61
UAL,2025-07-17,3.86,91.89,91.22,89.46,False,,88.77,1.56,1.49,1.71,1.63,9.78,0.61
TROO,2025-07-17,3.85,0.85,0.89,1.5,True,1,0.0,-0.02,0.1,-2.41,11.0,-48.62,0.61
EDUC,2025-07-17,3.85,1.35,1.29,1.31,True,1,124.59,0.06,-0.01,4.64,-0.78,-24.02,0.61
YQ,2025-07-17,3.83,2.44,2.41,2.33,True,1,218.01,0.07,0.21,2.9,8.71,,0.61
XOSWW,2025-07-17,3.8,0.01,0.01,0.01,True,1,319.65,0.0,0.0,0.0,3.8,,0.61
BTBT,2025-07-17,3.79,4.08,4.01,3.65,False,,56.16,0.48,0.17,11.97,4.24,,0.61
INKT,2025-07-17,3.76,23.98,23.25,35.36,True,1,0.0,0.75,3.11,3.23,13.38,455.74,0.61
IRIX,2025-07-17,3.74,1.11,1.29,1.19,False,,0.0,0.19,0.04,14.73,3.1,-13.45,0.61
IIIN,2025-07-17,3.74,39.96,36.08,38.23,True,1,266.32,0.82,0.71,2.27,1.98,19.92,0.61
NVA,2025-07-17,3.71,9.5,9.6,9.26,False,,78.74,0.2,0.29,2.08,3.02,,0.61
KFFB,2025-07-17,3.68,3.1,3.1,3.05,False,,-29.01,0.02,-0.02,0.7,-0.49,7.78,0.61
LEGN,2025-07-17,3.65,41.2,42.13,40.41,False,,1.27,1.62,0.94,3.85,2.23,8.72,0.61
ATLX,2025-07-17,3.59,4.04,4.45,4.2,False,,0.0,0.27,0.0,6.07,0.0,-31.53,0.61
ETN,2025-07-17,3.58,375.87,380.72,369.36,False,,-32.72,3.79,2.72,1.0,0.71,15.26,0.61
ARBK,2025-07-17,3.57,0.3,0.4,0.34,False,,0.0,0.25,0.02,61.55,3.75,,0.61
LCFY,2025-07-17,3.55,4.67,4.81,4.56,True,1,127.52,0.09,0.28,1.87,5.82,-21.62,0.61
BRFH,2025-07-17,3.54,3.22,3.18,3.12,True,1,178.45,0.31,0.13,9.75,4.09,,0.61
KSCP,2025-07-17,3.54,8.49,8.2,8.21,False,,45.64,1.94,-0.16,23.66,-1.95,,0.61
LXEH,2025-07-17,3.53,1.41,1.46,1.43,True,1,0.0,0.08,0.04,5.48,2.74,-68.92,0.61
ZENV,2025-07-17,3.52,1.47,1.49,1.44,False,,38.59,0.0,0.03,0.0,2.01,,0.61
FTCI,2025-07-17,3.52,5.0,5.05,4.92,True,1,120.76,0.09,0.15,1.78,2.97,97.33,0.61
FBYD,2025-07-17,3.5,6.5,7.62,7.24,True,1,0.0,-0.0,0.53,-0.07,6.89,,0.61
RVYL,2025-07-17,3.5,0.34,0.31,0.34,True,1,0.0,0.02,-0.01,7.32,-1.91,,0.61
LIXT,2025-07-17,3.49,3.85,3.78,3.54,False,,49.18,0.57,0.08,15.08,2.12,,0.61
SOUNW,2025-07-17,3.49,5.93,6.45,5.86,False,,-319.51,0.3,0.29,4.65,4.5,,0.61
PSIG,2025-07-17,3.49,0.45,0.44,0.44,True,1,1740.55,0.01,0.06,2.76,13.22,,0.61
BRLSW,2025-07-17,3.47,0.1,0.1,0.1,False,,0.0,0.0,0.0,0.0,0.0,,0.61
TSM,2025-07-17,3.46,245.79,245.6,238.66,False,,99.54,0.37,6.91,0.15,2.81,27.37,0.61
KIDZ,2025-07-17,3.45,3.6,3.39,3.29,True,1,183.54,0.01,0.35,0.34,10.39,,0.61
YYGH,2025-07-17,3.45,2.7,2.44,2.71,True,1,0.0,0.34,0.04,14.11,1.66,,0.61
NETDW,2025-07-17,3.45,0.3,0.3,0.2,False,,67.9,0.04,0.07,12.0,23.13,,0.61
MODV,2025-07-17,3.44,3.01,3.04,3.12,True,1,0.0,0.14,0.06,4.6,1.97,-69.5,0.61
ZOOZW,2025-07-17,3.43,0.04,0.07,0.04,True,1,0.0,-0.0,0.03,-0.73,42.63,,0.61
OXBRW,2025-07-17,3.37,0.44,0.36,0.46,True,1,0.0,0.13,-0.04,35.33,-10.47,,0.61
PRTS,2025-07-17,3.37,0.84,0.8,0.8,True,1,146.53,0.01,0.02,1.4,2.44,-15.96,0.61
DLTH,2025-07-17,3.37,2.15,2.22,2.15,True,1,10615.75,0.01,0.12,0.45,5.63,-26.85,0.61
CTXR,2025-07-17,3.36,1.54,1.59,1.63,True,1,0.0,0.07,0.07,4.7,4.7,,0.61
NAMSW,2025-07-17,3.35,9.87,10.49,10.24,False,,0.0,0.0,0.0,0.0,0.0,,0.61
CSX,2025-07-17,3.34,34.37,34.5,33.98,False,,33.75,1.12,0.26,3.25,0.75,5.11,0.61
ECDA,2025-07-17,3.33,0.25,0.28,0.28,True,1,0.0,0.05,0.02,17.19,6.37,,0.61
ONDS,2025-07-17,3.33,2.48,2.4,2.34,True,1,209.95,0.08,0.21,3.33,8.75,,0.61
MGX,2025-07-17,3.33,2.17,2.13,2.17,True,1,0.0,0.02,0.15,0.94,7.04,,0.61
BNZI,2025-07-17,3.32,3.73,3.87,3.8,True,1,0.0,0.15,0.12,3.88,3.1,,0.61
HYFM,2025-07-17,3.32,4.36,4.31,4.2,False,,93.56,0.1,0.1,2.32,2.32,,0.61
KLTOW,2025-07-17,3.31,0.27,0.26,0.26,True,1,334.98,0.0,0.01,0.88,3.85,,0.61
TOPS,2025-07-17,3.3,6.11,6.15,6.1,True,1,694.88,0.05,0.1,0.81,1.63,,0.61
KAVL,2025-07-17,3.29,0.53,0.52,0.73,True,1,0.0,0.0,0.01,0.43,2.03,,0.61
FINV,2025-07-17,3.28,10.38,10.13,10.44,True,1,0.0,0.04,0.31,0.42,3.06,38.95,0.61
CREX,2025-07-17,3.28,3.15,3.08,3.14,True,1,887.3,0.12,0.06,3.9,1.88,,0.61
CAN,2025-07-17,3.26,1.01,0.95,0.93,True,1,194.43,0.09,0.1,8.99,10.92,-32.29,0.61
SLDB,2025-07-17,3.23,5.76,5.79,5.64,False,,-85.66,1.06,-0.07,18.31,-1.21,17.69,0.61
FLGC,2025-07-17,3.22,0.66,0.63,0.66,True,1,11748.33,0.04,0.01,6.18,2.22,,0.61
NRXPW,2025-07-17,3.21,0.09,0.09,0.09,True,1,0.0,0.0,0.0,0.0,0.0,,0.61
INDP,2025-07-17,3.21,12.23,11.31,11.96,True,1,347.93,0.69,0.03,6.1,0.27,,0.61
WBS,2025-07-17,3.18,60.3,60.05,59.05,False,,51.9,0.94,0.4,1.57,0.67,11.95,0.61
BYSI,2025-07-17,3.17,2.28,2.2,2.23,True,1,253.36,0.04,0.04,2.05,1.82,,0.61
OCTO,2025-07-17,3.15,1.31,1.36,1.33,True,1,0.0,0.01,0.05,1.1,3.68,,0.61
VRAX,2025-07-17,3.15,0.95,0.92,0.93,False,,90.39,0.12,-0.01,13.04,-1.2,,0.61
WKEY,2025-07-17,3.14,6.25,6.41,6.17,False,,-222.14,0.51,-0.02,8.03,-0.31,35.42,0.61
NNVC,2025-07-17,3.12,1.65,1.64,1.57,False,,12.33,0.06,-0.0,3.66,-0.04,,0.61
MBAVU,2025-07-17,3.11,12.25,11.9,12.14,True,1,310.27,0.1,0.0,0.84,0.0,,0.61
TLSIW,2025-07-17,3.11,1.49,1.6,1.54,True,1,0.0,0.04,0.27,2.5,16.88,,0.61
CCG,2025-07-17,3.11,0.82,0.8,0.78,True,1,105.85,0.03,0.02,3.75,2.38,,0.61
BLMN,2025-07-17,3.1,9.65,9.23,9.52,True,1,396.34,0.2,0.09,2.17,0.92,-25.03,0.61
TOI,2025-07-17,3.1,3.33,3.65,3.31,False,,-394.66,0.12,0.25,3.42,6.85,,0.61
DOMH,2025-07-17,3.09,5.67,5.62,5.39,True,1,165.05,0.23,0.42,4.19,7.39,77.88,0.61
CNTB,2025-07-17,3.09,1.67,1.86,1.59,False,,0.0,0.03,0.19,1.61,10.22,,0.61
RDI,2025-07-17,3.05,1.35,1.35,1.32,True,1,222.68,0.01,0.06,0.4,4.44,-7.98,0.61
VATE,2025-07-17,3.04,5.42,5.56,5.52,True,1,0.0,0.24,0.13,4.33,2.34,-12.48,0.61
WIT,2025-07-17,3.04,3.05,3.06,2.96,False,,76.29,-0.01,0.08,-0.33,2.61,-34.25,0.61
ETSY,2025-07-17,3.03,57.74,57.97,57.05,False,,-151.69,1.83,-0.82,3.16,-1.41,10.43,0.61
ELAN,2025-07-17,3.03,14.95,14.96,14.75,False,,90.71,0.2,0.19,1.34,1.27,19.06,0.61
ILAG,2025-07-17,3.02,0.58,0.57,0.56,True,1,416.63,-0.01,0.08,-1.14,14.04,,0.61
CMPOW,2025-07-17,3.01,6.85,7.11,6.68,False,,-52.98,-0.02,0.17,-0.28,2.39,,0.61
BOTJ,2025-07-17,3.01,14.3,14.0,14.07,True,1,141.96,0.13,0.02,0.93,0.14,0.07,0.61
OTRK,2025-07-17,3.0,0.48,0.54,0.49,False,,0.0,0.07,0.01,13.33,1.61,,0.61
UCL,2025-07-17,3.0,2.4,2.25,2.26,True,1,183.01,0.05,0.1,2.22,4.65,63.07,0.61
NUWE,2025-07-16,174.11,18.9,15.95,17.82,True,1,525.97,0.55,2.74,3.45,17.18,1046.15,0.33
DTSTW,2025-07-16,149.75,0.25,0.39,0.32,True,1,0.0,0.0,0.11,1.05,27.44,,0.33
GTI,2025-07-16,87.81,0.14,0.1,0.11,True,1,173.92,-0.01,0.02,-6.92,20.77,,0.33
VSSYW,2025-07-16,66.67,0.09,0.08,0.08,True,1,245.03,0.05,0.02,56.36,27.27,,0.33
QLGN,2025-07-16,53.82,5.43,3.93,4.81,True,1,391.1,0.07,0.93,1.78,23.66,,0.33
HPKEW,2025-07-16,46.67,0.22,0.22,0.18,True,1,363.77,-0.04,0.15,-18.18,67.64,-93.11,0.33
GAME,2025-07-16,44.7,2.19,2.31,2.24,True,1,0.0,-0.56,0.84,-24.24,36.36,,0.33
BEATW,2025-07-16,44.68,0.38,0.28,0.27,True,2,104.33,0.0,0.02,0.0,5.79,,0.33
APM,2025-07-16,37.14,1.33,1.94,2.51,True,1,0.0,0.26,0.41,13.4,21.13,51.24,0.33
LUCYW,2025-07-16,35.8,0.11,0.1,0.1,True,1,202.31,0.03,0.01,27.55,15.1,,0.33
ESLAW,2025-07-16,34.56,0.05,0.04,0.04,True,1,415.61,0.0,0.01,0.0,26.3,,0.33
DTST,2025-07-16,34.32,4.54,5.3,4.79,True,1,0.0,-0.14,0.62,-2.64,11.7,,0.33
JFBRW,2025-07-16,33.85,0.03,0.03,0.02,True,1,277.33,-0.0,0.01,-0.78,31.13,,0.33
VCIG,2025-07-16,28.85,1.34,1.08,1.15,True,1,242.26,0.16,0.2,14.81,18.52,,0.33
ACONW,2025-07-16,25.65,0.03,0.02,0.02,False,,68.42,0.01,-0.0,44.92,-6.36,,0.33
WINT,2025-07-16,23.1,1.02,0.9,0.86,False,,12.14,0.96,-0.1,106.67,-11.11,-8.79,0.33
ABVEW,2025-07-16,22.5,0.24,0.17,0.23,True,1,167.37,0.23,-0.05,138.61,-28.88,,0.33
BTCS,2025-07-16,20.84,5.74,5.76,5.33,False,,-83.65,2.73,-0.32,47.4,-5.56,,0.33
BCTXW,2025-07-16,19.76,0.04,0.04,0.04,True,1,0.0,0.01,0.01,19.22,13.87,-80.95,0.33
DPRO,2025-07-16,19.53,4.32,5.18,4.74,False,,0.0,2.12,0.03,41.02,0.58,,0.33
NWTNW,2025-07-16,18.98,0.06,0.06,0.06,False,,0.0,0.01,0.0,8.85,0.16,,0.33
VGASW,2025-07-16,18.89,0.18,0.16,0.17,True,1,256.27,0.0,0.02,0.0,12.56,,0.33
IXHL,2025-07-16,18.85,0.4,0.39,0.33,False,,77.0,0.27,0.04,69.81,10.03,-74.02,0.33
CRMLW,2025-07-16,18.02,0.92,0.92,0.77,False,,-19.75,0.69,-0.03,74.57,-3.41,,0.33
NUKKW,2025-07-16,17.8,0.09,0.08,0.09,True,1,636.69,0.01,0.0,11.45,5.55,,0.33
DFLIW,2025-07-16,17.42,0.02,0.02,0.02,True,1,0.0,0.0,0.01,4.37,33.19,,0.33
CURIW,2025-07-16,17.09,0.04,0.04,0.03,True,2,138.32,0.0,0.01,11.08,18.11,,0.33
ARKOW,2025-07-16,16.95,0.01,0.01,0.01,True,2,363.64,0.0,0.0,0.73,29.93,,0.33
SBET,2025-07-16,16.67,33.8,37.38,30.07,True,2,131.22,3.07,8.47,8.23,22.66,,0.33
SRM,2025-07-16,16.07,7.8,10.3,9.18,False,,0.0,0.0,0.0,0.0,0.0,,0.33
CLDI,2025-07-16,15.38,0.66,0.63,0.6,True,1,148.32,0.01,0.06,1.74,9.92,,0.33
DSYWW,2025-07-16,15.0,0.03,0.03,0.02,True,1,342.76,0.0,0.01,0.36,36.33,,0.33
OPEN,2025-07-16,14.9,1.2,1.49,1.16,False,,-921.98,0.82,-0.05,55.03,-3.36,,0.33
CNFR,2025-07-16,14.83,0.93,0.86,0.86,True,1,100.72,0.11,0.0,12.78,0.0,,0.33
AIMDW,2025-07-16,14.2,0.16,0.17,0.14,False,,-0.65,0.03,0.01,17.72,5.77,,0.33
CISO,2025-07-16,13.9,1.11,1.16,1.11,True,1,3315.8,0.03,0.12,2.61,10.04,,0.33
CLNNW,2025-07-16,13.71,0.03,0.03,0.03,False,,53.1,0.0,0.0,6.31,0.0,,0.33
FLDDW,2025-07-16,13.7,0.83,0.74,0.75,True,1,138.19,0.02,0.03,2.7,3.39,,0.33
ABVE,2025-07-16,13.3,2.13,1.68,2.12,False,,-1894.53,2.15,-0.64,127.98,-38.1,,0.33
RPTX,2025-07-16,13.29,1.62,1.53,1.53,True,1,129.3,0.02,0.03,1.31,1.96,-28.53,0.33
PDYNW,2025-07-16,13.25,0.42,0.42,0.39,False,,-66.26,0.17,-0.03,40.59,-5.88,,0.33
ABVX,2025-07-16,13.22,10.02,9.88,9.4,False,,37.83,0.57,0.1,5.82,0.96,,0.33
MNYWW,2025-07-16,12.98,0.07,0.1,0.09,True,1,0.0,0.02,0.01,20.12,9.91,,0.33
BENF,2025-07-16,12.73,0.34,0.31,0.31,True,1,147.82,0.06,0.02,20.92,5.23,,0.33
BQ,2025-07-16,12.71,3.37,2.7,3.28,True,1,878.85,0.3,0.09,11.11,3.33,,0.33
ECXWW,2025-07-16,12.5,0.09,0.08,0.07,True,2,239.46,0.0,0.03,0.0,39.88,,0.33
CJET,2025-07-16,12.16,2.86,2.79,2.59,True,1,213.62,0.03,0.5,1.26,17.95,,0.33
CDTTW,2025-07-16,12.0,0.01,0.01,0.01,True,1,336.3,-0.0,0.0,-2.22,37.04,,0.33
BNRG,2025-07-16,11.54,2.32,2.09,2.13,True,1,200.54,0.0,0.14,0.0,6.94,,0.33
LWLG,2025-07-16,11.54,1.59,1.82,1.67,False,,0.0,0.23,0.07,12.64,3.85,-14.31,0.33
CGTX,2025-07-16,11.53,0.63,0.62,0.62,False,,47.51,0.09,-0.01,14.74,-1.36,,0.33
VNRX,2025-07-16,11.46,0.72,0.7,0.69,True,1,198.92,0.02,0.05,3.29,6.86,,0.33
UPXI,2025-07-16,11.15,5.78,7.26,6.31,True,1,0.0,1.87,1.01,25.76,13.91,59.88,0.33
TVGNW,2025-07-16,11.15,0.07,0.06,0.06,True,1,420.38,0.0,0.01,4.65,13.14,,0.33
BCGWW,2025-07-16,11.11,0.05,0.05,0.05,True,2,0.0,0.0,0.01,0.0,22.64,,0.33
LIXTW,2025-07-16,11.06,0.2,0.18,0.2,True,1,0.0,0.01,0.03,5.56,16.67,,0.33
SLDPW,2025-07-16,10.98,0.56,0.55,0.49,False,,64.07,0.24,0.04,43.88,7.45,,0.33
CINGW,2025-07-16,10.82,0.05,0.04,0.04,False,,61.79,0.06,-0.0,149.38,-8.73,,0.33
METC,2025-07-16,10.69,24.29,21.39,21.03,False,,90.65,2.37,0.06,11.09,0.28,102.37,0.33
ANEB,2025-07-16,10.64,1.74,1.6,1.65,True,1,236.9,0.14,0.07,8.75,4.38,2.89,0.33
ZKIN,2025-07-16,10.61,2.92,2.86,2.63,True,1,119.1,0.55,0.28,19.23,9.79,,0.33
TNFA,2025-07-16,10.55,0.12,0.11,0.11,True,1,589.17,-0.0,0.02,-1.38,22.11,,0.33
RGTIW,2025-07-16,10.48,4.9,6.21,5.71,False,,0.0,0.69,0.38,11.11,6.12,,0.33
SABS,2025-07-16,10.36,2.8,2.79,2.66,True,1,164.06,0.1,0.22,3.74,7.89,,0.33
FMSTW,2025-07-16,10.26,0.43,0.44,0.39,True,2,244.09,0.03,0.11,5.73,24.82,,0.33
BHF,2025-07-16,10.02,52.06,50.27,49.93,True,1,110.79,1.0,0.57,1.99,1.13,-2.49,0.33
MRNOW,2025-07-16,10.0,0.23,0.2,0.22,False,,58.49,0.03,-0.02,13.57,-8.59,,0.33
GOVXW,2025-07-16,10.0,0.02,0.03,0.03,False,,0.0,-0.0,0.01,-2.9,22.61,,0.33
INBS,2025-07-16,10.0,2.09,2.13,2.0,False,,10.77,0.06,0.05,2.76,2.35,30.0,0.33
INLX,2025-07-16,9.96,14.24,13.45,13.33,False,,85.29,1.12,-0.01,8.35,-0.07,4.02,0.33
EVTV,2025-07-16,9.83,0.2,0.19,0.19,True,1,223.87,0.01,0.01,3.34,6.89,-82.15,0.33
OKYO,2025-07-16,9.82,3.02,2.96,2.82,True,1,188.45,0.1,0.31,3.38,10.47,133.53,0.33
MOBXW,2025-07-16,9.8,0.11,0.11,0.1,True,1,182.75,-0.01,0.02,-8.93,14.85,,0.33
MNY,2025-07-16,9.76,1.35,1.62,1.37,True,1,0.0,0.26,0.4,16.05,24.69,,0.33
SELX,2025-07-16,9.7,1.3,1.21,1.22,True,1,216.0,0.09,0.08,7.44,6.61,,0.33
KLTOW,2025-07-16,9.62,0.28,0.26,0.26,True,1,165.38,0.01,0.01,3.42,3.85,,0.33
VCTR,2025-07-16,9.51,69.75,69.67,68.55,True,2,124.67,2.54,1.42,3.65,2.04,12.34,0.33
TNONW,2025-07-16,9.5,0.02,0.02,0.02,True,1,401.46,-0.0,0.01,-8.26,30.73,,0.33
IVP,2025-07-16,9.23,0.71,0.64,0.73,True,1,0.0,0.07,0.01,10.97,1.36,,0.33
TOI,2025-07-16,9.09,3.24,3.23,3.18,False,,0.0,0.54,-0.01,16.87,-0.31,,0.33
AHG,2025-07-16,8.84,1.76,1.75,1.7,False,,-16.42,0.3,-0.02,17.07,-1.09,,0.33
U,2025-07-16,8.59,32.24,33.94,32.21,False,,-7899.39,5.02,-0.79,14.79,-2.33,52.83,0.33
UNFI,2025-07-16,8.55,25.39,26.26,24.85,False,,-216.45,1.42,-0.29,5.41,-1.1,6.68,0.33
RGTI,2025-07-16,8.49,13.8,16.56,15.11,False,,0.0,0.83,0.83,5.01,5.01,,0.33
DYN,2025-07-16,8.33,8.97,9.33,8.91,False,,34.16,0.5,0.38,5.36,4.07,-57.06,0.33
REVBW,2025-07-16,8.33,0.01,0.01,0.01,False,,86.39,-0.0,0.0,-0.77,3.85,,0.33
RILYL,2025-07-16,8.33,5.2,4.95,4.84,False,,71.6,1.76,0.01,35.56,0.2,-20.35,0.33
CAN,2025-07-16,8.01,0.94,0.98,0.91,True,2,346.82,0.14,0.13,14.51,13.1,-30.59,0.33
OP,2025-07-16,8.0,1.62,1.87,2.02,True,1,0.0,0.34,0.24,18.16,12.83,,0.33
CDIOW,2025-07-16,7.91,0.01,0.01,0.01,True,2,136.33,0.0,0.0,0.0,12.0,,0.33
RNWWW,2025-07-16,7.55,0.14,0.14,0.14,True,1,0.0,0.03,0.01,17.24,5.17,,0.33
MSN,2025-07-16,7.53,0.4,0.37,0.38,True,1,185.74,0.04,0.01,10.94,2.35,,0.33
BTCM,2025-07-16,7.47,4.46,4.38,4.61,True,1,0.0,0.23,0.32,5.25,7.31,77.63,0.33
INTG,2025-07-16,7.36,14.0,11.1,12.69,True,1,243.09,1.85,0.29,16.67,2.61,-20.4,0.33
DHAIW,2025-07-16,7.34,0.02,0.01,0.02,True,1,197.29,0.01,0.0,80.85,2.13,,0.33
SCLXW,2025-07-16,7.27,0.12,0.15,0.12,False,,0.0,0.37,-0.0,248.53,-1.14,,0.33
HELE,2025-07-16,7.18,21.49,22.39,21.58,False,,0.0,0.86,0.67,3.84,2.99,-59.57,0.33
JOBY,2025-07-16,7.13,14.95,16.33,14.55,False,,-253.95,2.0,0.39,12.25,2.38,129.83,0.33
IPDN,2025-07-16,7.05,2.43,2.57,2.47,True,1,0.0,0.13,0.15,5.06,5.84,184.67,0.33
PGYWW,2025-07-16,6.93,0.15,0.15,0.14,False,,-203.96,0.15,-0.01,98.15,-9.18,,0.33
ESGLW,2025-07-16,6.88,0.06,0.06,0.06,False,,-101.56,0.01,0.0,8.53,3.18,,0.33
HUYA,2025-07-16,6.87,3.11,3.06,2.88,False,,25.79,0.49,0.01,16.01,0.32,-15.2,0.33
AUST,2025-07-16,6.77,1.42,1.34,1.36,True,1,178.62,0.06,0.03,4.48,2.24,,0.33
PRPL,2025-07-16,6.75,0.69,0.66,0.68,True,1,957.45,0.05,0.02,7.45,2.74,-26.51,0.33
LGHL,2025-07-16,6.74,3.64,3.51,3.82,True,1,0.0,0.58,-0.09,16.65,-2.56,,0.33
BTCT,2025-07-16,6.69,3.35,3.47,3.57,True,1,0.0,0.36,0.27,10.37,7.78,,0.33
OPTXW,2025-07-16,6.56,0.07,0.07,0.06,True,1,0.0,0.01,0.0,15.38,6.15,,0.33
FGIWW,2025-07-16,6.45,0.03,0.03,0.03,True,1,0.0,0.03,0.0,100.0,8.18,,0.33
TRIB,2025-07-16,6.45,0.75,0.74,0.74,True,1,313.4,0.01,0.03,0.68,4.63,,0.33
BTBT,2025-07-16,6.38,3.5,3.93,3.55,False,,0.0,0.56,0.1,14.25,2.54,,0.33
OBLG,2025-07-16,6.38,4.67,4.98,4.49,False,,-38.01,0.42,0.24,8.43,4.82,,0.33
REPL,2025-07-16,6.37,13.19,12.63,12.08,True,2,141.89,0.22,1.01,1.74,8.0,10.63,0.33
GDEV,2025-07-16,6.3,15.48,15.13,15.41,True,1,1007.31,0.75,0.35,4.92,2.28,,0.33
IMCC,2025-07-16,6.11,3.3,3.24,3.19,False,,81.22,0.37,0.03,11.42,0.93,,0.33
JBHT,2025-07-16,6.03,157.84,151.44,151.78,True,1,176.16,3.28,4.28,2.17,2.83,-8.91,0.33
GPN,2025-07-16,5.98,82.25,82.66,80.36,False,,48.54,1.17,1.33,1.41,1.6,-18.7,0.33
CNF,2025-07-16,5.97,0.8,0.78,0.77,True,1,267.15,0.02,0.05,2.68,7.01,-24.0,0.33
WVE,2025-07-16,5.97,8.17,7.82,7.84,True,1,155.13,0.91,0.16,11.64,1.98,-25.86,0.33
RILYZ,2025-07-16,5.94,9.99,9.92,9.46,False,,35.55,1.18,0.12,11.9,1.21,12.98,0.33
MATH,2025-07-16,5.87,3.61,3.35,3.53,True,1,467.8,0.17,0.1,5.07,2.96,,0.33
ENTX,2025-07-16,5.85,1.99,2.04,1.92,False,,-13.35,0.05,0.04,2.45,1.96,,0.33
RGC,2025-07-16,5.84,14.5,15.29,14.64,True,1,0.0,1.39,1.14,9.09,7.46,-70.71,0.33
CENN,2025-07-16,5.77,0.65,0.65,0.64,True,1,359.57,0.01,0.02,2.17,3.25,,0.33
SPRC,2025-07-16,5.7,7.6,7.38,7.46,True,1,161.04,1.12,0.01,15.18,0.14,,0.33
PET,2025-07-16,5.68,0.13,0.11,0.13,True,1,0.0,0.03,0.0,23.11,1.08,,0.33
AGRI,2025-07-16,5.64,0.85,0.72,0.86,True,1,0.0,0.11,0.0,15.63,0.03,,0.33
KSCP,2025-07-16,5.63,7.88,8.2,7.81,False,,-168.08,1.94,0.2,23.66,2.44,,0.33
ELUT,2025-07-16,5.56,2.09,2.03,2.14,True,1,0.0,0.38,0.27,18.72,13.3,,0.33
MIGI,2025-07-16,5.54,0.54,0.52,0.57,True,1,0.0,0.13,-0.01,24.21,-1.28,-48.54,0.33
ECX,2025-07-16,5.53,2.29,2.08,2.2,True,1,1110.57,0.06,0.84,3.12,40.38,13.51,0.33
GLTO,2025-07-16,5.53,3.75,3.5,3.78,True,1,0.0,0.46,0.1,13.14,2.85,,0.33
FUFUW,2025-07-16,5.53,0.38,0.34,0.35,True,1,149.83,0.07,-0.0,20.62,-0.03,,0.33
NMRA,2025-07-16,5.52,1.53,1.4,1.35,False,,72.25,0.77,0.0,55.0,0.0,,0.33
SOWG,2025-07-16,5.5,0.84,0.81,0.81,True,1,153.84,0.04,0.02,4.88,2.32,,0.33
NA,2025-07-16,5.5,8.25,8.48,8.07,True,2,160.2,0.78,0.52,9.2,6.13,,0.33
FGI,2025-07-16,5.47,0.7,0.85,0.76,False,,0.0,0.25,0.04,29.38,4.73,,0.33
ADSEW,2025-07-16,5.35,1.09,0.98,1.09,True,1,11347.21,0.35,0.28,35.37,28.58,,0.33
CGBSW,2025-07-16,5.35,0.03,0.03,0.03,False,,0.0,0.0,0.0,0.0,0.0,,0.33
SCNX,2025-07-16,5.26,1.8,2.05,1.8,False,,0.0,0.17,0.18,8.29,8.78,,0.33
ICG,2025-07-16,5.26,3.0,3.1,3.02,True,1,0.0,0.08,0.45,2.58,14.52,,0.33
MDGL,2025-07-16,5.15,327.15,344.97,335.25,True,2,0.0,7.03,13.73,2.04,3.98,17.79,0.33
LITB,2025-07-16,5.11,1.44,1.4,1.36,True,1,179.41,0.07,0.1,5.0,7.14,,0.33
SQNS,2025-07-16,5.08,4.96,3.86,4.85,True,1,2260.51,0.04,1.33,1.04,34.39,62.04,0.33
BRLSW,2025-07-16,5.04,0.1,0.1,0.1,True,1,135.65,0.0,0.0,3.47,0.0,,0.33
AREC,2025-07-16,5.0,1.47,1.32,1.32,False,,91.58,0.18,-0.01,13.64,-0.76,,0.33
FIEE,2025-07-16,4.98,3.16,3.06,3.12,True,1,820.23,-0.07,0.27,-2.29,8.79,,0.33
WCT,2025-07-16,4.98,0.22,0.21,0.21,True,1,167.54,0.01,0.0,4.48,2.1,,0.33
HLP,2025-07-16,4.98,0.69,0.67,0.68,True,1,316.01,0.02,0.03,3.23,4.36,,0.33
MP,2025-07-16,4.91,61.08,58.55,56.45,True,1,135.54,5.96,3.75,10.18,6.4,174.1,0.33
DATSW,2025-07-16,4.9,0.21,0.22,0.21,False,,-321.75,0.03,0.0,13.64,0.0,,0.33
GORV,2025-07-16,4.89,7.08,6.76,7.18,True,1,0.0,0.11,0.75,1.64,11.09,,0.33
FBYDW,2025-07-16,4.89,0.92,1.0,1.01,True,1,0.0,0.28,0.29,28.0,29.0,,0.33
MYSZ,2025-07-16,4.84,1.3,1.29,1.25,False,,82.27,0.01,0.03,0.78,2.32,,0.33
TLS,2025-07-16,4.83,2.82,2.8,2.77,False,,75.17,0.21,0.02,7.5,0.71,-13.33,0.33
JZ,2025-07-16,4.82,1.74,1.78,1.69,False,,56.77,0.2,0.07,11.52,3.68,,0.33
MHH,2025-07-16,4.82,8.05,7.7,7.69,True,1,122.49,0.64,0.09,8.31,1.17,-31.12,0.33
PT,2025-07-16,4.81,1.09,1.05,1.04,True,1,551.63,0.01,0.23,1.43,21.67,,0.33
CNTB,2025-07-16,4.79,1.53,1.62,1.48,False,,58.03,0.27,0.12,16.67,7.41,,0.33
MEGL,2025-07-16,4.79,1.53,1.49,1.5,True,1,190.96,0.04,0.02,2.68,1.34,,0.33
RMCF,2025-07-16,4.71,2.0,1.94,1.93,True,1,405.33,0.23,0.21,11.86,11.08,-4.24,0.33
BTMWW,2025-07-16,4.65,0.45,0.53,0.5,True,1,0.0,0.22,0.03,41.51,5.66,,0.33
NRGD,2025-07-16,4.6,20.46,20.46,19.02,True,2,112.85,-0.29,1.63,-1.43,7.95,,0.33
GLXG,2025-07-16,4.56,0.7,0.68,0.67,True,1,313.3,-0.02,0.07,-2.99,10.99,,0.33
NRSN,2025-07-16,4.55,2.07,2.03,2.0,True,1,164.88,0.01,0.07,0.49,3.45,,0.33
IMOS,2025-07-16,4.54,18.2,18.04,17.83,False,,38.13,0.74,-0.02,4.13,-0.13,-9.18,0.33
PRTC,2025-07-16,4.52,18.76,18.6,18.25,False,,51.69,1.16,0.1,6.24,0.54,-3.82,0.33
MBX,2025-07-16,4.48,14.0,12.43,13.27,True,1,332.14,0.73,0.87,5.91,7.0,,0.33
METCB,2025-07-16,4.43,12.86,11.57,12.53,True,1,364.33,3.33,-0.08,28.78,-0.73,,0.33
FUFU,2025-07-16,4.41,3.79,3.68,3.75,True,1,217.27,0.88,-0.02,23.91,-0.54,,0.33
VACHW,2025-07-16,4.36,0.28,0.28,0.27,True,2,257.34,0.0,0.01,1.78,4.11,,0.33
FLYX,2025-07-16,4.35,2.64,2.45,2.55,True,1,311.86,0.17,0.09,6.83,3.84,,0.33
IMRN,2025-07-16,4.28,1.95,1.87,1.87,True,1,293.89,0.07,0.16,3.74,8.56,,0.33
CUBWU,2025-07-16,4.24,11.07,11.94,11.63,False,,0.0,0.0,0.0,0.0,0.0,,0.33
KIDZ,2025-07-16,4.19,3.23,3.48,3.27,True,1,0.0,0.15,0.44,4.31,12.71,,0.33
PRZO,2025-07-16,4.17,1.75,1.85,1.7,False,,-178.96,0.2,0.02,10.81,0.81,,0.33
ANGO,2025-07-16,4.16,9.01,8.6,9.17,True,1,0.0,0.31,0.22,3.6,2.56,-3.21,0.33
OLMA,2025-07-16,4.14,4.78,4.56,4.69,True,1,436.41,0.15,0.19,3.29,4.17,-40.64,0.33
NIXX,2025-07-16,4.14,2.14,2.11,2.13,True,1,1225.63,0.1,0.1,4.62,4.74,,0.33
IOBT,2025-07-16,4.12,1.77,1.89,1.69,False,,13.32,0.25,0.13,13.23,6.88,85.04,0.33
NTIP,2025-07-16,4.11,1.37,1.33,1.33,False,,44.46,0.09,-0.02,6.77,-1.5,-1.14,0.33
OABI,2025-07-16,4.1,2.03,1.98,2.01,True,1,558.89,0.04,0.05,2.02,2.78,-40.44,0.33
CNTX,2025-07-16,4.07,0.77,0.83,0.75,False,,-584.03,0.17,-0.01,21.18,-0.76,,0.33
CPSH,2025-07-16,4.05,2.57,2.71,2.62,True,1,0.0,0.07,0.19,2.58,7.01,58.68,0.33
RR,2025-07-16,4.05,1.8,1.91,1.83,False,,0.0,0.2,-0.02,10.47,-1.06,,0.33
CLGN,2025-07-16,4.05,1.8,1.82,1.66,False,,75.5,0.23,0.12,12.75,6.73,-49.21,0.33
FOXX,2025-07-16,4.04,5.15,5.05,4.95,True,1,199.11,1.55,0.29,30.69,5.74,,0.33
SOPH,2025-07-16,4.03,3.61,3.62,3.5,False,,0.0,0.13,0.01,3.59,0.28,5.9,0.33
SHOT,2025-07-16,4.03,0.41,0.45,0.46,True,1,0.0,0.1,0.02,21.41,5.32,,0.33
HSCS,2025-07-16,4.02,4.14,3.95,4.09,True,1,538.83,0.32,0.09,8.1,2.33,,0.33
KPRX,2025-07-16,4.0,3.12,3.15,3.04,False,,46.22,0.14,0.07,4.44,2.08,-7.31,0.33
BTDR,2025-07-16,3.98,13.05,13.5,13.36,True,1,0.0,1.07,0.2,7.93,1.48,,0.33
FAMI,2025-07-16,3.95,1.84,1.8,1.87,True,1,0.0,0.08,0.02,4.43,1.39,,0.33
CRCL,2025-07-16,3.95,203.05,233.2,213.46,False,,0.0,29.77,13.19,12.77,5.66,,0.33
BLRX,2025-07-16,3.94,4.7,4.6,4.62,True,1,292.54,0.14,0.14,3.04,3.04,,0.33
BCTX,2025-07-16,3.94,0.8,0.82,1.14,True,1,0.0,0.02,0.04,2.3,4.45,-57.34,0.33
BMEA,2025-07-16,3.93,1.85,1.91,1.88,True,1,0.0,0.06,0.07,2.88,3.93,-64.78,0.33
BLDEW,2025-07-16,3.9,0.21,0.26,0.22,False,,0.0,0.08,0.02,29.41,9.73,,0.33
MARA,2025-07-16,3.89,19.49,19.44,19.61,True,1,0.0,1.55,0.27,7.97,1.39,10.7,0.33
TNXP,2025-07-16,3.85,45.9,45.06,44.56,False,,29.91,5.34,-0.44,11.85,-0.98,,0.33
CVGI,2025-07-16,3.85,1.89,1.88,1.87,True,1,560.54,0.06,0.12,3.19,6.38,-16.49,0.33
HPAIW,2025-07-16,3.84,0.16,0.18,0.17,True,1,0.0,0.01,0.09,6.03,51.68,,0.33
JDZG,2025-07-16,3.81,3.0,3.55,3.18,True,1,0.0,0.26,0.67,7.18,18.87,,0.33
ALVO,2025-07-16,3.8,8.73,8.42,8.62,True,1,320.67,0.42,0.05,4.93,0.59,-27.12,0.33
CAPT,2025-07-16,3.8,1.91,1.49,1.65,True,1,169.17,0.15,0.02,10.07,1.34,,0.33
PLD,2025-07-16,3.8,112.75,110.17,110.28,True,1,284.66,0.29,4.45,0.26,4.04,-3.6,0.33
HCWC,2025-07-16,3.8,0.41,0.45,0.43,True,1,0.0,-0.01,0.06,-2.27,12.24,,0.33
TYGO,2025-07-16,3.79,1.37,1.33,1.32,True,1,189.46,0.05,0.06,3.76,4.51,,0.33
IPX,2025-07-16,3.78,33.74,33.2,32.73,False,,6.93,2.0,-0.47,6.04,-1.42,33.89,0.33
ALVOW,2025-07-16,3.77,1.65,1.8,1.7,True,1,0.0,-0.03,0.4,-1.67,22.22,-28.84,0.33
CIFRW,2025-07-16,3.73,1.39,1.34,1.42,True,1,0.0,0.16,0.07,11.94,5.22,,0.33
KUKE,2025-07-16,3.73,3.06,2.97,2.97,True,1,176.11,-0.01,0.06,-0.34,2.02,,0.33
LAES,2025-07-16,3.72,3.48,3.59,3.46,False,,70.89,0.37,0.12,10.31,3.34,,0.33
CTNM,2025-07-16,3.71,3.91,3.83,3.82,True,1,124.24,0.58,0.03,15.14,0.78,,0.33
TEM,2025-07-16,3.69,57.95,59.97,58.31,False,,0.0,3.01,0.37,5.02,0.62,,0.33
SGD,2025-07-16,3.68,0.95,0.94,0.89,False,,95.98,0.0,0.05,0.03,5.23,,0.33
APLT,2025-07-16,3.62,0.44,0.44,0.41,False,,-1.75,0.04,-0.0,9.37,-0.18,,0.33
TDTH,2025-07-16,3.57,0.75,0.87,0.8,False,,0.0,0.83,-0.01,95.63,-1.38,,0.33
YJ,2025-07-16,3.57,1.89,1.95,1.86,True,1,308.06,0.06,0.15,2.83,7.69,,0.33
LEGN,2025-07-16,3.56,41.0,39.75,39.7,True,1,100.14,4.0,0.05,10.06,0.13,2.48,0.33
OPAD,2025-07-16,3.51,1.77,2.32,1.9,False,,0.0,1.62,0.41,69.83,17.67,,0.33
HUMA,2025-07-16,3.51,2.36,2.39,2.39,True,1,0.0,0.09,0.06,3.77,2.51,-41.39,0.33
TOIIW,2025-07-16,3.49,0.09,0.09,0.09,False,,-1818.36,0.02,-0.0,20.0,-1.12,,0.33
CCG,2025-07-16,3.48,0.79,0.8,0.78,False,,88.58,0.03,0.02,4.36,1.92,,0.33
INHD,2025-07-16,3.47,1.49,1.46,1.49,True,1,1998.51,0.05,0.06,3.42,4.11,,0.33
QXO,2025-07-16,3.45,21.88,21.19,21.2,False,,98.31,1.09,-0.02,5.14,-0.09,,0.33
FORTY,2025-07-16,3.45,127.89,127.89,127.69,False,,0.0,0.0,0.0,0.0,0.0,42.12,0.33
RCKTW,2025-07-16,3.45,0.04,0.04,0.04,True,1,2476.92,0.01,0.01,28.28,32.9,,0.33
CRBU,2025-07-16,3.42,1.67,1.83,1.72,False,,0.0,0.3,0.04,16.39,1.99,13.27,0.33
BBU,2025-07-16,3.41,26.24,26.17,25.79,True,1,160.09,0.17,0.65,0.65,2.48,12.11,0.33
RAVE,2025-07-16,3.38,2.75,2.66,2.76,True,1,0.0,0.17,0.03,6.39,1.13,,0.33
ISPO,2025-07-16,3.37,3.37,3.21,3.38,True,1,0.0,0.2,0.21,6.23,6.54,,0.33
ARTL,2025-07-16,3.36,16.61,15.18,17.92,True,1,0.0,0.98,0.46,6.47,3.03,730.31,0.33
UAMY,2025-07-16,3.34,3.4,3.74,3.31,False,,56.64,0.45,0.39,12.03,10.43,,0.33
CEP,2025-07-16,3.34,34.7,35.24,36.54,True,1,0.0,-0.05,4.68,-0.14,13.28,,0.33
PFFL,2025-07-16,3.32,8.41,8.46,8.39,False,,-454.14,0.29,-0.06,3.49,-0.7,-10.64,0.33
JNJ,2025-07-16,3.31,160.3,164.78,160.38,False,,0.0,0.32,2.48,0.19,1.51,5.97,0.33
TOP,2025-07-16,3.31,1.25,1.23,1.23,True,1,310.98,0.02,0.05,1.54,4.07,-18.66,0.33
WKHS,2025-07-16,3.29,2.2,2.26,2.72,True,1,0.0,0.05,0.29,2.21,12.83,,0.33
GBIO,2025-07-16,3.29,0.44,0.56,0.51,True,1,0.0,0.01,0.18,2.37,32.6,-55.16,0.33
BYRN,2025-07-16,3.25,22.9,22.89,22.72,True,1,772.5,0.41,1.38,1.79,6.03,1.43,0.33
SENS,2025-07-16,3.21,0.53,0.54,0.52,False,,-165.58,0.09,-0.0,17.24,-0.3,,0.33
GAMB,2025-07-16,3.21,11.91,11.3,11.61,True,1,289.66,0.35,0.25,3.1,2.21,-9.0,0.33
NFE,2025-07-16,3.19,3.88,4.01,3.92,False,,0.0,0.95,0.04,23.57,1.06,-58.98,0.33
SHMD,2025-07-16,3.17,3.12,3.08,3.03,True,1,248.52,0.01,0.18,0.32,5.84,,0.33
LOBO,2025-07-16,3.17,0.58,0.53,0.59,True,1,0.0,0.02,0.01,4.39,2.04,,0.33
CLSK,2025-07-16,3.12,12.57,12.57,12.64,True,1,0.0,1.01,0.36,8.03,2.86,18.95,0.33
ESGL,2025-07-16,3.12,3.31,3.15,3.17,True,1,322.77,0.05,0.3,1.56,9.55,,0.33
HOVRW,2025-07-16,3.11,0.26,0.25,0.26,True,1,0.0,0.07,-0.01,30.08,-4.11,,0.33
RRR,2025-07-16,3.11,56.64,55.64,55.7,True,1,241.72,1.06,1.27,1.91,2.28,12.6,0.33
SLRX,2025-07-16,3.09,0.7,0.63,0.67,True,1,314.5,0.03,0.03,4.71,5.09,,0.33
PWP,2025-07-16,3.09,19.71,19.21,19.51,True,1,239.16,0.66,-0.02,3.46,-0.1,-11.19,0.33
TXMD,2025-07-16,3.08,1.17,1.15,1.14,True,2,159.81,0.03,0.02,2.61,1.74,-10.65,0.33
STRS,2025-07-16,3.08,18.57,18.71,18.27,True,2,155.88,0.72,0.6,3.85,3.21,-13.56,0.33
PBFS,2025-07-16,3.08,12.39,12.17,12.2,True,2,181.25,0.22,0.13,1.81,1.07,6.25,0.33
BWNB,2025-07-16,3.07,16.14,15.8,15.96,True,1,278.87,0.41,0.15,2.59,0.95,,0.33
FURY,2025-07-16,3.06,0.52,0.53,0.51,False,,32.39,0.01,0.01,2.68,1.98,,0.33
RDW,2025-07-16,3.06,17.5,17.5,17.34,False,,-66.76,2.06,-0.11,11.77,-0.63,35.51,0.33
AEVA,2025-07-16,3.06,27.31,27.56,26.84,False,,-114.49,5.68,-0.29,20.61,-1.05,,0.33
XPL,2025-07-16,3.05,0.67,0.66,0.66,True,1,455.02,0.01,0.03,0.76,4.76,,0.33
DQ,2025-07-16,3.04,20.33,19.83,19.99,True,1,143.01,1.9,-0.01,9.56,-0.05,6.8,0.33
EQ,2025-07-16,3.02,0.39,0.41,0.39,False,,-114.65,0.04,0.01,9.86,3.57,,0.33
CIFR,2025-07-16,3.02,6.15,6.27,6.15,True,1,0.0,0.47,0.23,7.49,3.66,,0.33
ARQQ,2025-07-16,3.0,39.08,43.31,39.53,False,,0.0,3.17,2.8,7.32,6.46,,0.33
